order_id,customer_email,store_code,order_date,product_ref,quantity,unit_price_eur,amount_eur
POS-ORD-000001,gabriel.robert258@email.com,NAN01,2025-08-12 13:25:54,UC-TS-003,2,24.90,49.80
POS-ORD-000004,arthur.garcia102@email.com,LYO01,2025-06-19 20:30:54,UC-VE-001,3,99.90,299.70
POS-ORD-000005,hugo.bernard363@email.com,PAR02,2025-09-15 13:33:54,UC-RO-002,3,69.90,209.70
POS-ORD-000008,tom.michel195@email.com,LYO01,2025-07-12 01:01:54,UC-RO-001,1,89.90,89.90
POS-ORD-000009,julie.leroy146@email.com,TLS01,2026-05-19 13:23:54,UC-AC-001,1,39.90,39.90
POS-ORD-000015,louis.dubois397@email.com,LYO01,2025-11-02 22:30:54,UC-VE-001,2,99.90,199.80
POS-ORD-000016,clara.roux376@email.com,BOR01,2025-12-09 00:46:54,UC-AC-003,1,29.90,29.90
POS-ORD-000021,manon.fournier47@email.com,BOR01,2026-03-02 14:52:54,UC-CH-002,1,109.90,109.90
POS-ORD-000026,lucas.robert151@email.com,TLS01,2025-09-30 00:07:54,UC-VE-001,2,99.90,199.80
POS-ORD-000030,marie.thomas19@email.com,PAR02,2026-05-23 22:23:54,UC-PA-001,1,79.90,79.90
POS-ORD-000032,camille.garcia161@email.com,NCE01,2025-07-10 23:39:54,UC-TS-001,2,29.90,59.80
POS-ORD-000035,lucas.moreau202@email.com,NAN01,2026-03-31 16:59:54,UC-TS-001,2,29.90,59.80
POS-ORD-000037,hugo.dubois5@email.com,NCE01,2026-04-09 00:11:54,UC-AC-004,3,34.90,104.70
POS-ORD-000039,jules.david108@email.com,NCE01,2025-09-30 23:03:54,UC-PA-003,3,44.90,134.70
POS-ORD-000041,sarah.dubois435@email.com,PAR02,2025-07-24 17:09:54,UC-AC-004,2,34.90,69.80
POS-ORD-000045,raphael.thomas219@email.com,NAN01,2026-01-10 21:23:54,UC-RO-002,1,69.90,69.90
POS-ORD-000047,julie.dubois228@email.com,NCE01,2025-10-13 17:07:54,UC-CH-002,2,109.90,219.80
POS-ORD-000055,hugo.garcia183@email.com,MAR01,2025-10-13 22:09:54,UC-TS-002,1,34.90,34.90
POS-ORD-000060,hugo.bertrand249@email.com,LYO01,2026-06-16 16:17:54,UC-VE-003,3,149.90,449.70
POS-ORD-000061,paul.thomas117@email.com,LYO01,2025-07-25 21:00:54,UC-PA-001,3,79.90,239.70
POS-ORD-000063,raphael.robert368@email.com,LYO01,2025-07-09 17:43:54,UC-PA-002,2,59.90,119.80
POS-ORD-000065,sarah.thomas68@email.com,LYO01,2025-08-30 23:10:54,UC-AC-003,1,29.90,29.90
POS-ORD-000069,anais.fournier319@email.com,STR01,2026-03-26 13:30:54,UC-AC-003,2,29.90,59.80
POS-ORD-000070,ines.bertrand305@email.com,PAR01,2026-02-22 18:49:54,UC-TS-004,1,39.90,39.90
POS-ORD-000071,camille.fournier103@email.com,PAR02,2025-07-04 18:21:54,UC-AC-003,3,29.90,89.70
POS-ORD-000077,lea.dubois145@email.com,PAR01,2025-11-22 21:01:54,UC-PA-004,3,54.90,164.70
POS-ORD-000080,nathan.richard437@email.com,NAN01,2025-09-03 19:34:54,UC-AC-004,2,34.90,69.80
POS-ORD-000082,nathan.robert286@email.com,NAN01,2026-02-10 20:37:54,UC-AC-004,2,34.90,69.80
POS-ORD-000086,marie.martin474@email.com,PAR02,2026-05-05 23:57:54,UC-PA-004,2,54.90,109.80
POS-ORD-000092,manon.bernard265@email.com,BOR01,2025-06-24 23:15:54,UC-TS-001,3,29.90,89.70
POS-ORD-000093,ines.richard371@email.com,NCE01,2025-12-23 19:21:54,UC-AC-004,3,34.90,104.70
POS-ORD-000094,anais.durand99@email.com,TLS01,2025-08-30 00:57:54,UC-RO-003,2,79.90,159.80
POS-ORD-000102,paul.martin93@email.com,BOR01,2026-03-09 21:26:54,UC-VE-001,2,99.90,199.80
POS-ORD-000103,gabriel.garcia105@email.com,PAR02,2026-02-12 15:51:54,UC-VE-002,1,119.90,119.90
POS-ORD-000104,manon.laurent61@email.com,TLS01,2025-07-15 17:34:54,UC-PA-001,3,79.90,239.70
POS-ORD-000112,tom.martin186@email.com,NCE01,2025-11-01 22:37:54,UC-TS-003,2,24.90,49.80
POS-ORD-000114,hugo.vincent100@email.com,NAN01,2026-04-04 17:22:54,UC-RO-001,3,89.90,269.70
POS-ORD-000115,lea.roux255@email.com,STR01,2025-09-28 16:27:54,UC-RO-001,3,89.90,269.70
POS-ORD-000116,anais.robert153@email.com,LYO01,2025-09-03 00:48:54,UC-AC-001,3,39.90,119.70
POS-ORD-000119,maxime.dubois10@email.com,NCE01,2025-12-22 14:35:54,UC-PA-003,1,44.90,44.90
POS-ORD-000123,julie.david434@email.com,BOR01,2026-03-29 19:59:54,UC-PA-001,1,79.90,79.90
POS-ORD-000125,lea.martin382@email.com,PAR01,2025-11-01 19:03:54,UC-TS-004,3,39.90,119.70
POS-ORD-000129,nathan.bernard335@email.com,LYO01,2026-02-22 21:26:54,UC-TS-003,2,24.90,49.80
POS-ORD-000133,camille.thomas268@email.com,PAR02,2025-12-24 17:39:54,UC-AC-004,2,34.90,69.80
POS-ORD-000134,clara.fournier226@email.com,PAR01,2025-11-20 21:04:54,UC-AC-002,2,49.90,99.80
POS-ORD-000135,anais.petit267@email.com,STR01,2026-01-24 17:39:54,UC-RO-001,2,89.90,179.80
POS-ORD-000140,lea.dubois145@email.com,LYO01,2025-11-20 21:19:54,UC-AC-004,2,34.90,69.80
POS-ORD-000141,nathan.lefebvre148@email.com,NCE01,2025-10-29 15:45:54,UC-PA-002,3,59.90,179.70
POS-ORD-000144,ines.david119@email.com,BOR01,2026-06-12 18:00:54,UC-PA-001,1,79.90,79.90
POS-ORD-000145,clara.lefebvre402@email.com,PAR02,2025-10-25 13:23:54,UC-VE-003,2,149.90,299.80
POS-ORD-000146,gabriel.garcia431@email.com,STR01,2026-02-03 12:48:54,UC-RO-001,1,89.90,89.90
POS-ORD-000150,lucas.robert322@email.com,BOR01,2025-09-11 17:06:54,UC-TS-002,3,34.90,104.70
POS-ORD-000151,julie.simon101@email.com,NAN01,2025-07-13 22:06:54,UC-CH-002,1,109.90,109.90
POS-ORD-000158,lea.dubois128@email.com,STR01,2025-06-23 17:38:54,UC-TS-002,2,34.90,69.80
POS-ORD-000160,tom.vincent444@email.com,BOR01,2026-03-29 23:40:54,UC-PA-004,3,54.90,164.70
POS-ORD-000166,manon.richard91@email.com,NCE01,2026-04-26 18:01:54,UC-TS-002,1,34.90,34.90
POS-ORD-000168,paul.dubois25@email.com,MAR01,2025-08-13 14:09:54,UC-CH-002,1,109.90,109.90
POS-ORD-000169,nathan.bernard335@email.com,TLS01,2025-10-23 12:33:54,UC-VE-003,1,149.90,149.90
POS-ORD-000171,maxime.fournier375@email.com,MAR01,2026-05-11 21:40:54,UC-PA-001,2,79.90,159.80
POS-ORD-000172,raphael.garcia272@email.com,LYO01,2026-03-13 16:31:54,UC-TS-003,1,24.90,24.90
POS-ORD-000178,marie.bernard184@email.com,BOR01,2025-11-29 00:27:54,UC-RO-003,2,79.90,159.80
POS-ORD-000179,ines.bertrand305@email.com,MAR01,2026-04-11 21:13:54,UC-TS-001,3,29.90,89.70
POS-ORD-000181,camille.robert48@email.com,NCE01,2025-12-19 23:05:54,UC-TS-002,2,34.90,69.80
POS-ORD-000183,maxime.fournier375@email.com,NCE01,2026-01-04 12:43:54,UC-PA-001,3,79.90,239.70
POS-ORD-000186,hugo.richard445@email.com,NAN01,2025-07-20 15:14:54,UC-VE-002,3,119.90,359.70
POS-ORD-000194,maxime.durand57@email.com,NCE01,2025-12-14 20:01:54,UC-PA-003,2,44.90,89.80
POS-ORD-000203,sarah.fournier442@email.com,NAN01,2026-01-21 14:49:54,UC-PA-002,1,59.90,59.90
POS-ORD-000204,julie.roux260@email.com,MAR01,2025-10-14 15:39:54,UC-PA-002,2,59.90,119.80
POS-ORD-000205,raphael.thomas256@email.com,TLS01,2025-06-21 01:11:54,UC-RO-003,3,79.90,239.70
POS-ORD-000206,raphael.durand156@email.com,LIL01,2025-11-30 14:03:54,UC-CH-001,2,89.90,179.80
POS-ORD-000207,chloe.garcia181@email.com,BOR01,2025-10-06 20:22:54,UC-AC-002,1,49.90,49.90
POS-ORD-000208,ines.roux449@email.com,NAN01,2025-09-08 20:59:54,UC-TS-003,1,24.90,24.90
POS-ORD-000213,tom.garcia220@email.com,TLS01,2025-09-03 22:53:54,UC-RO-001,3,89.90,269.70
POS-ORD-000214,raphael.robert368@email.com,LIL01,2026-01-08 22:27:54,UC-PA-002,1,59.90,59.90
POS-ORD-000217,tom.fournier310@email.com,PAR01,2026-02-21 15:59:54,UC-TS-004,3,39.90,119.70
POS-ORD-000219,hugo.fournier364@email.com,MAR01,2025-12-03 17:43:54,UC-CH-002,1,109.90,109.90
POS-ORD-000220,louis.moreau115@email.com,MAR01,2026-06-12 20:47:54,UC-TS-002,2,34.90,69.80
POS-ORD-000222,manon.fournier443@email.com,NAN01,2025-11-13 18:24:54,UC-RO-003,1,79.90,79.90
POS-ORD-000233,julie.fournier22@email.com,LYO01,2025-09-03 14:18:54,UC-RO-002,2,69.90,139.80
POS-ORD-000236,lucas.garcia6@email.com,STR01,2025-10-07 16:22:54,UC-RO-003,2,79.90,159.80
POS-ORD-000239,paul.dubois25@email.com,PAR01,2026-05-22 14:51:54,UC-RO-002,1,69.90,69.90
POS-ORD-000240,chloe.richard341@email.com,PAR02,2026-01-18 19:15:54,UC-TS-004,3,39.90,119.70
POS-ORD-000242,lucas.durand233@email.com,LIL01,2026-06-01 23:24:54,UC-TS-004,2,39.90,79.80
POS-ORD-000243,sarah.moreau459@email.com,LYO01,2025-11-13 17:09:54,UC-TS-003,1,24.90,24.90
POS-ORD-000244,chloe.lefebvre62@email.com,MAR01,2025-09-23 18:40:54,UC-AC-001,2,39.90,79.80
POS-ORD-000250,raphael.garcia409@email.com,MAR01,2025-11-21 00:52:54,UC-PA-004,2,54.90,109.80
POS-ORD-000251,hugo.dubois5@email.com,BOR01,2026-01-26 20:23:54,UC-VE-001,3,99.90,299.70
POS-ORD-000252,jules.richard259@email.com,NAN01,2026-06-16 23:30:54,UC-AC-004,2,34.90,69.80
POS-ORD-000253,arthur.lefebvre370@email.com,LIL01,2026-06-05 23:01:54,UC-TS-004,3,39.90,119.70
POS-ORD-000256,nathan.fournier427@email.com,TLS01,2025-09-03 13:30:54,UC-AC-003,2,29.90,59.80
POS-ORD-000260,marie.moreau361@email.com,MAR01,2026-06-03 20:47:54,UC-CH-001,3,89.90,269.70
POS-ORD-000261,julie.vincent190@email.com,LIL01,2026-03-01 16:54:54,UC-RO-003,2,79.90,159.80
POS-ORD-000262,clara.robert401@email.com,STR01,2026-05-03 17:41:54,UC-TS-002,1,34.90,34.90
POS-ORD-000268,hugo.durand164@email.com,STR01,2026-01-24 20:39:54,UC-VE-001,1,99.90,99.90
POS-ORD-000269,gabriel.martin343@email.com,NCE01,2026-04-04 22:56:54,UC-PA-002,2,59.90,119.80
POS-ORD-000271,manon.garcia72@email.com,LIL01,2026-02-14 23:09:54,UC-AC-002,3,49.90,149.70
POS-ORD-000273,louis.garcia54@email.com,NCE01,2026-05-06 18:48:54,UC-TS-003,1,24.90,24.90
POS-ORD-000275,sarah.michel170@email.com,STR01,2025-07-11 12:39:54,UC-VE-001,3,99.90,299.70
POS-ORD-000278,paul.martin93@email.com,PAR02,2025-10-30 18:12:54,UC-CH-001,2,89.90,179.80
POS-ORD-000279,arthur.roux179@email.com,NCE01,2026-03-24 20:24:54,UC-VE-003,2,149.90,299.80
POS-ORD-000280,jules.laurent65@email.com,TLS01,2025-11-24 13:23:54,UC-AC-003,1,29.90,29.90
POS-ORD-000282,clara.moreau317@email.com,MAR01,2026-03-30 17:49:54,UC-VE-002,3,119.90,359.70
POS-ORD-000283,tom.fournier416@email.com,MAR01,2025-11-09 15:23:54,UC-TS-004,2,39.90,79.80
POS-ORD-000288,julie.bernard387@email.com,NCE01,2026-04-04 17:39:54,UC-RO-001,3,89.90,269.70
POS-ORD-000289,clara.bernard295@email.com,NCE01,2026-03-06 14:17:54,UC-RO-003,1,79.90,79.90
POS-ORD-000290,nathan.lefebvre406@email.com,TLS01,2025-12-25 23:36:54,UC-AC-002,2,49.90,99.80
POS-ORD-000292,anais.thomas0@email.com,NAN01,2026-04-24 20:18:54,UC-AC-004,2,34.90,69.80
POS-ORD-000294,sarah.richard222@email.com,TLS01,2025-07-15 22:43:54,UC-AC-004,1,34.90,34.90
POS-ORD-000305,raphael.fournier293@email.com,PAR01,2025-12-21 12:55:54,UC-CH-001,2,89.90,179.80
POS-ORD-000308,raphael.leroy414@email.com,PAR02,2026-01-24 18:08:54,UC-PA-004,1,54.90,54.90
POS-ORD-000309,sarah.dubois435@email.com,BOR01,2026-04-13 15:56:54,UC-AC-001,2,39.90,79.80
POS-ORD-000310,anais.fournier7@email.com,STR01,2026-03-22 15:26:54,UC-PA-002,3,59.90,179.70
POS-ORD-000311,jules.bertrand189@email.com,TLS01,2025-06-26 21:42:54,UC-RO-002,2,69.90,139.80
POS-ORD-000314,tom.leroy107@email.com,PAR02,2025-12-26 00:32:54,UC-TS-004,3,39.90,119.70
POS-ORD-000320,maxime.dubois395@email.com,LIL01,2025-07-10 15:24:54,UC-VE-002,3,119.90,359.70
POS-ORD-000321,maxime.bertrand346@email.com,PAR02,2025-09-13 00:30:54,UC-RO-002,2,69.90,139.80
POS-ORD-000330,julie.bernard312@email.com,NAN01,2025-07-24 18:07:54,UC-TS-003,1,24.90,24.90
POS-ORD-000331,nathan.simon111@email.com,PAR01,2026-04-26 17:28:54,UC-PA-004,3,54.90,164.70
POS-ORD-000332,nathan.martin37@email.com,STR01,2026-02-11 12:45:54,UC-PA-001,3,79.90,239.70
POS-ORD-000333,lola.lefebvre76@email.com,LIL01,2025-07-14 18:56:54,UC-TS-001,1,29.90,29.90
POS-ORD-000335,tom.richard244@email.com,STR01,2026-05-15 16:59:54,UC-PA-003,2,44.90,89.80
POS-ORD-000336,chloe.lefebvre62@email.com,PAR01,2025-12-18 19:30:54,UC-TS-004,3,39.90,119.70
POS-ORD-000344,sarah.moreau379@email.com,PAR01,2026-05-15 00:26:54,UC-TS-004,1,39.90,39.90
POS-ORD-000345,chloe.durand241@email.com,LYO01,2026-02-15 13:32:54,UC-PA-004,1,54.90,54.90
POS-ORD-000346,ines.simon323@email.com,NCE01,2026-05-01 17:34:54,UC-TS-002,2,34.90,69.80
POS-ORD-000349,lucas.fournier166@email.com,MAR01,2025-08-29 17:05:54,UC-PA-002,3,59.90,179.70
POS-ORD-000350,julie.leroy391@email.com,LYO01,2026-03-23 20:09:54,UC-TS-002,3,34.90,104.70
POS-ORD-000351,julie.bernard387@email.com,MAR01,2025-06-28 19:38:54,UC-PA-003,1,44.90,44.90
POS-ORD-000353,hugo.bertrand398@email.com,PAR02,2025-10-14 00:13:54,UC-RO-002,1,69.90,69.90
POS-ORD-000356,manon.moreau122@email.com,STR01,2025-07-01 00:35:54,UC-RO-002,3,69.90,209.70
POS-ORD-000357,julie.garcia313@email.com,MAR01,2026-01-16 19:47:54,UC-PA-001,3,79.90,239.70
POS-ORD-000362,julie.fournier22@email.com,PAR01,2026-05-24 17:02:54,UC-PA-002,3,59.90,179.70
POS-ORD-000366,chloe.durand241@email.com,NCE01,2026-05-23 19:04:54,UC-TS-004,2,39.90,79.80
POS-ORD-000376,clara.petit231@email.com,NAN01,2026-05-08 16:25:54,UC-VE-003,1,149.90,149.90
POS-ORD-000382,lola.dubois403@email.com,LIL01,2025-12-30 13:14:54,UC-PA-001,3,79.90,239.70
POS-ORD-000389,manon.leroy96@email.com,PAR02,2026-05-09 18:16:54,UC-RO-003,1,79.90,79.90
POS-ORD-000392,lola.moreau177@email.com,PAR01,2025-07-25 00:55:54,UC-PA-003,2,44.90,89.80
POS-ORD-000395,anais.david155@email.com,STR01,2026-01-14 22:23:54,UC-TS-004,1,39.90,39.90
POS-ORD-000398,paul.durand82@email.com,BOR01,2026-05-29 19:37:54,UC-VE-002,1,119.90,119.90
POS-ORD-000400,paul.fournier75@email.com,PAR01,2025-09-16 22:39:54,UC-CH-002,2,109.90,219.80
POS-ORD-000401,sarah.laurent207@email.com,TLS01,2025-10-28 20:04:54,UC-VE-003,1,149.90,149.90
POS-ORD-000403,raphael.garcia409@email.com,STR01,2025-11-05 19:29:54,UC-TS-004,3,39.90,119.70
POS-ORD-000404,hugo.robert460@email.com,NAN01,2025-07-07 17:06:54,UC-TS-002,1,34.90,34.90
POS-ORD-000405,raphael.david316@email.com,MAR01,2025-12-19 23:53:54,UC-VE-002,2,119.90,239.80
POS-ORD-000406,maxime.lefebvre298@email.com,STR01,2026-01-28 22:12:54,UC-AC-003,1,29.90,29.90
POS-ORD-000407,maxime.bertrand346@email.com,NCE01,2025-11-30 21:42:54,UC-PA-001,3,79.90,239.70
POS-ORD-000412,ines.durand373@email.com,BOR01,2025-08-23 16:08:54,UC-PA-003,1,44.90,44.90
POS-ORD-000415,arthur.garcia102@email.com,BOR01,2026-01-22 16:42:54,UC-RO-002,2,69.90,139.80
POS-ORD-000421,maxime.bertrand191@email.com,NCE01,2025-08-30 00:19:54,UC-AC-003,3,29.90,89.70
POS-ORD-000423,paul.garcia139@email.com,TLS01,2025-07-29 20:10:54,UC-CH-002,2,109.90,219.80
POS-ORD-000424,clara.roux327@email.com,PAR02,2026-03-12 12:33:54,UC-PA-001,3,79.90,239.70
POS-ORD-000428,chloe.leroy52@email.com,TLS01,2025-10-05 21:20:54,UC-VE-001,1,99.90,99.90
POS-ORD-000430,raphael.vincent213@email.com,LIL01,2026-04-21 22:14:54,UC-RO-003,1,79.90,79.90
POS-ORD-000435,hugo.vincent100@email.com,PAR02,2025-07-17 16:36:54,UC-PA-002,1,59.90,59.90
POS-ORD-000436,emma.garcia465@email.com,PAR02,2026-05-17 20:31:54,UC-AC-001,1,39.90,39.90
POS-ORD-000437,maxime.bernard400@email.com,LIL01,2026-03-06 15:16:54,UC-PA-002,3,59.90,179.70
POS-ORD-000439,gabriel.robert258@email.com,MAR01,2026-04-30 15:25:54,UC-TS-004,1,39.90,39.90
POS-ORD-000440,lucas.robert366@email.com,PAR02,2026-03-24 12:39:54,UC-VE-001,2,99.90,199.80
POS-ORD-000442,anais.david225@email.com,MAR01,2025-12-20 18:46:54,UC-PA-002,1,59.90,59.90
POS-ORD-000444,paul.david390@email.com,LIL01,2026-01-23 16:27:54,UC-CH-002,3,109.90,329.70
POS-ORD-000448,chloe.richard224@email.com,NAN01,2025-07-09 00:06:54,UC-AC-003,3,29.90,89.70
POS-ORD-000457,ines.lefebvre150@email.com,TLS01,2025-10-04 20:39:54,UC-VE-003,2,149.90,299.80
POS-ORD-000462,lea.fournier243@email.com,NCE01,2025-10-04 00:48:54,UC-AC-004,1,34.90,34.90
POS-ORD-000463,sarah.fournier193@email.com,PAR01,2025-12-21 12:55:54,UC-PA-004,3,54.90,164.70
POS-ORD-000467,nathan.lefebvre466@email.com,LIL01,2026-04-22 20:03:54,UC-PA-001,2,79.90,159.80
POS-ORD-000470,raphael.fournier293@email.com,STR01,2026-04-29 13:30:54,UC-PA-002,2,59.90,119.80
POS-ORD-000472,lola.david254@email.com,NCE01,2026-03-02 20:57:54,UC-PA-001,3,79.90,239.70
POS-ORD-000474,paul.garcia139@email.com,PAR02,2025-09-21 17:46:54,UC-PA-001,3,79.90,239.70
POS-ORD-000477,gabriel.moreau451@email.com,STR01,2025-06-24 16:18:54,UC-TS-001,3,29.90,89.70
POS-ORD-000479,arthur.petit478@email.com,STR01,2025-08-04 00:40:54,UC-TS-004,3,39.90,119.70
POS-ORD-000482,jules.simon131@email.com,PAR01,2025-11-24 22:06:54,UC-PA-004,1,54.90,54.90
POS-ORD-000486,julie.garcia28@email.com,NAN01,2025-08-15 20:18:54,UC-PA-001,2,79.90,159.80
POS-ORD-000496,clara.roux327@email.com,STR01,2026-04-18 16:18:54,UC-CH-002,3,109.90,329.70
POS-ORD-000500,marie.martin474@email.com,BOR01,2025-11-15 23:21:54,UC-CH-001,3,89.90,269.70
POS-ORD-000506,lucas.richard133@email.com,PAR02,2025-08-20 19:22:54,UC-RO-002,3,69.90,209.70
POS-ORD-000508,maxime.dubois10@email.com,PAR02,2025-07-23 15:33:54,UC-TS-001,3,29.90,89.70
POS-ORD-000511,anais.fournier7@email.com,MAR01,2025-10-30 14:42:54,UC-AC-003,2,29.90,59.80
POS-ORD-000513,nathan.martin307@email.com,LYO01,2025-07-08 21:47:54,UC-VE-001,2,99.90,199.80
POS-ORD-000520,nathan.petit67@email.com,STR01,2025-08-26 22:57:54,UC-AC-004,1,34.90,34.90
POS-ORD-000525,lola.richard284@email.com,PAR01,2026-03-15 23:10:54,UC-RO-003,1,79.90,79.90
POS-ORD-000526,arthur.moreau240@email.com,STR01,2025-06-23 17:46:54,UC-AC-001,1,39.90,39.90
POS-ORD-000531,chloe.fournier393@email.com,PAR02,2026-05-02 20:12:54,UC-VE-003,3,149.90,449.70
POS-ORD-000532,jules.laurent201@email.com,STR01,2026-04-26 20:04:54,UC-CH-002,3,109.90,329.70
POS-ORD-000535,jules.david108@email.com,PAR02,2026-01-26 19:22:54,UC-TS-002,3,34.90,104.70
POS-ORD-000536,nathan.thomas280@email.com,NAN01,2026-05-03 18:57:54,UC-PA-004,2,54.90,109.80
POS-ORD-000541,tom.simon314@email.com,LIL01,2025-08-01 19:08:54,UC-RO-002,2,69.90,139.80
POS-ORD-000543,nathan.lefebvre148@email.com,LYO01,2026-05-10 12:43:54,UC-RO-003,2,79.90,159.80
POS-ORD-000546,anais.roux338@email.com,TLS01,2025-12-20 20:36:54,UC-TS-004,2,39.90,79.80
POS-ORD-000551,manon.bernard273@email.com,STR01,2025-11-30 00:13:54,UC-TS-001,1,29.90,29.90
POS-ORD-000552,anais.simon235@email.com,NCE01,2025-08-15 13:42:54,UC-TS-003,3,24.90,74.70
POS-ORD-000553,marie.bernard184@email.com,PAR02,2026-05-06 23:05:54,UC-TS-003,2,24.90,49.80
POS-ORD-000555,lola.david332@email.com,BOR01,2025-08-03 12:39:54,UC-VE-002,2,119.90,239.80
POS-ORD-000556,emma.laurent394@email.com,LYO01,2025-10-20 19:12:54,UC-RO-003,1,79.90,79.90
POS-ORD-000558,camille.fournier103@email.com,NAN01,2025-12-02 00:52:54,UC-AC-002,3,49.90,149.70
POS-ORD-000561,louis.bernard118@email.com,PAR02,2026-06-10 18:37:54,UC-TS-002,3,34.90,104.70
POS-ORD-000563,raphael.dubois229@email.com,LIL01,2026-03-29 20:27:54,UC-PA-003,1,44.90,44.90
POS-ORD-000570,gabriel.vincent413@email.com,TLS01,2025-11-11 23:34:54,UC-PA-001,2,79.90,159.80
POS-ORD-000572,chloe.bernard458@email.com,PAR01,2025-09-29 15:31:54,UC-RO-001,3,89.90,269.70
POS-ORD-000577,julie.david434@email.com,STR01,2025-11-19 12:24:54,UC-VE-001,2,99.90,199.80
POS-ORD-000579,marie.bernard184@email.com,NAN01,2025-09-21 18:23:54,UC-VE-002,1,119.90,119.90
POS-ORD-000581,clara.fournier226@email.com,NAN01,2025-09-29 00:08:54,UC-RO-001,1,89.90,89.90
POS-ORD-000582,maxime.dubois395@email.com,LYO01,2026-05-19 18:25:54,UC-RO-002,2,69.90,139.80
POS-ORD-000584,tom.bernard214@email.com,LIL01,2025-06-26 16:18:54,UC-TS-003,3,24.90,74.70
POS-ORD-000588,ines.richard371@email.com,TLS01,2025-09-16 21:00:54,UC-RO-001,3,89.90,269.70
POS-ORD-000589,clara.richard159@email.com,TLS01,2025-07-29 23:12:54,UC-AC-003,2,29.90,59.80
POS-ORD-000592,julie.bernard387@email.com,LIL01,2026-01-18 15:26:54,UC-PA-002,2,59.90,119.80
POS-ORD-000597,nathan.bernard41@email.com,PAR02,2025-11-14 22:43:54,UC-PA-001,1,79.90,79.90
POS-ORD-000603,manon.laurent61@email.com,LIL01,2026-01-23 00:40:54,UC-CH-002,3,109.90,329.70
POS-ORD-000605,clara.robert401@email.com,LYO01,2026-05-26 20:17:54,UC-TS-004,2,39.90,79.80
POS-ORD-000606,paul.simon419@email.com,PAR01,2026-04-18 16:51:54,UC-VE-003,1,149.90,149.90
POS-ORD-000611,clara.roux376@email.com,BOR01,2026-05-05 22:28:54,UC-AC-001,3,39.90,119.70
POS-ORD-000613,lola.durand291@email.com,TLS01,2025-10-19 16:16:54,UC-AC-003,1,29.90,29.90
POS-ORD-000615,tom.dubois43@email.com,PAR01,2026-01-06 18:36:54,UC-AC-004,3,34.90,104.70
POS-ORD-000617,jules.simon131@email.com,LYO01,2026-04-30 17:03:54,UC-PA-001,1,79.90,79.90
POS-ORD-000618,camille.bertrand130@email.com,NCE01,2026-01-13 18:30:54,UC-PA-001,1,79.90,79.90
POS-ORD-000628,arthur.roux179@email.com,TLS01,2025-10-01 21:11:54,UC-VE-001,3,99.90,299.70
POS-ORD-000629,lea.simon288@email.com,LYO01,2026-05-05 18:29:54,UC-PA-001,2,79.90,159.80
POS-ORD-000632,camille.petit339@email.com,LYO01,2026-03-04 17:35:54,UC-CH-001,2,89.90,179.80
POS-ORD-000633,lola.leroy330@email.com,LYO01,2025-10-20 00:16:54,UC-TS-001,3,29.90,89.70
POS-ORD-000637,arthur.bertrand63@email.com,PAR01,2026-03-13 18:13:54,UC-RO-003,2,79.90,159.80
POS-ORD-000638,jules.robert388@email.com,NCE01,2025-06-21 20:01:54,UC-AC-001,3,39.90,119.70
POS-ORD-000640,raphael.bertrand143@email.com,NAN01,2025-06-23 16:00:54,UC-VE-003,3,149.90,449.70
POS-ORD-000646,sarah.robert253@email.com,NAN01,2026-05-28 13:59:54,UC-CH-002,3,109.90,329.70
POS-ORD-000647,raphael.garcia272@email.com,NCE01,2026-06-17 19:01:54,UC-RO-003,2,79.90,159.80
POS-ORD-000651,manon.dubois126@email.com,LIL01,2026-02-17 19:20:54,UC-PA-002,2,59.90,119.80
POS-ORD-000653,anais.petit296@email.com,PAR02,2026-05-20 00:49:54,UC-PA-002,1,59.90,59.90
POS-ORD-000655,maxime.michel33@email.com,NAN01,2026-05-22 17:10:54,UC-PA-002,3,59.90,179.70
POS-ORD-000657,manon.thomas232@email.com,PAR01,2025-11-12 15:34:54,UC-TS-003,2,24.90,49.80
POS-ORD-000658,manon.thomas232@email.com,NCE01,2025-08-23 22:07:54,UC-AC-003,2,29.90,59.80
POS-ORD-000660,chloe.garcia181@email.com,PAR01,2025-08-06 18:02:54,UC-PA-003,2,44.90,89.80
POS-ORD-000662,clara.richard159@email.com,LIL01,2026-04-06 22:43:54,UC-TS-004,3,39.90,119.70
POS-ORD-000664,tom.fournier121@email.com,MAR01,2026-05-23 18:51:54,UC-AC-003,3,29.90,89.70
POS-ORD-000666,nathan.martin307@email.com,LIL01,2025-09-03 19:34:54,UC-CH-001,3,89.90,269.70
POS-ORD-000670,hugo.dubois5@email.com,STR01,2026-06-04 17:06:54,UC-PA-001,2,79.90,159.80
POS-ORD-000671,anais.durand99@email.com,LYO01,2026-05-29 01:01:54,UC-TS-004,2,39.90,79.80
POS-ORD-000674,nathan.simon194@email.com,LIL01,2026-03-04 20:44:54,UC-PA-002,2,59.90,119.80
POS-ORD-000678,nathan.richard437@email.com,BOR01,2026-04-04 19:58:54,UC-AC-004,2,34.90,69.80
POS-ORD-000683,sarah.richard106@email.com,NAN01,2025-10-31 21:48:54,UC-VE-002,1,119.90,119.90
POS-ORD-000685,paul.roux384@email.com,PAR01,2025-11-04 16:51:54,UC-PA-001,2,79.90,159.80
POS-ORD-000687,gabriel.vincent188@email.com,MAR01,2026-01-31 19:12:54,UC-VE-003,2,149.90,299.80
POS-ORD-000696,tom.leroy107@email.com,LYO01,2025-09-08 00:50:54,UC-RO-003,2,79.90,159.80
POS-ORD-000697,raphael.durand156@email.com,NAN01,2025-07-17 19:52:54,UC-TS-001,2,29.90,59.80
POS-ORD-000700,tom.michel195@email.com,PAR02,2026-05-18 16:49:54,UC-VE-001,2,99.90,199.80
POS-ORD-000701,maxime.robert168@email.com,TLS01,2025-07-27 21:08:54,UC-TS-004,2,39.90,79.80
POS-ORD-000702,clara.vincent90@email.com,PAR02,2025-08-15 18:12:54,UC-TS-002,3,34.90,104.70
POS-ORD-000704,manon.thomas232@email.com,NAN01,2025-09-28 01:03:54,UC-TS-002,2,34.90,69.80
POS-ORD-000710,maxime.david147@email.com,NCE01,2025-06-26 13:23:54,UC-RO-003,2,79.90,159.80
POS-ORD-000712,arthur.laurent234@email.com,PAR01,2026-03-18 13:37:54,UC-TS-003,3,24.90,74.70
POS-ORD-000714,raphael.michel357@email.com,LIL01,2025-11-21 12:38:54,UC-VE-001,2,99.90,199.80
POS-ORD-000715,ines.leroy39@email.com,MAR01,2026-01-04 18:45:54,UC-PA-002,3,59.90,179.70
POS-ORD-000717,tom.michel195@email.com,BOR01,2025-11-27 21:48:54,UC-CH-001,3,89.90,269.70
POS-ORD-000719,julie.richard42@email.com,BOR01,2026-02-15 13:45:54,UC-AC-004,3,34.90,104.70
POS-ORD-000720,camille.durand430@email.com,PAR02,2026-06-10 16:07:54,UC-RO-002,1,69.90,69.90
POS-ORD-000721,manon.bernard273@email.com,BOR01,2026-05-11 14:25:54,UC-TS-003,1,24.90,24.90
POS-ORD-000722,nathan.durand78@email.com,TLS01,2026-03-20 21:28:54,UC-RO-003,2,79.90,159.80
POS-ORD-000724,emma.dubois199@email.com,NAN01,2026-05-24 16:13:54,UC-AC-002,2,49.90,99.80
POS-ORD-000725,maxime.michel392@email.com,NAN01,2025-12-10 22:01:54,UC-VE-001,1,99.90,99.90
POS-ORD-000726,chloe.david14@email.com,PAR02,2026-03-13 14:31:54,UC-TS-001,2,29.90,59.80
POS-ORD-000729,raphael.thomas219@email.com,PAR01,2026-03-02 23:51:54,UC-PA-002,1,59.90,59.90
POS-ORD-000730,tom.fournier205@email.com,BOR01,2025-12-02 21:44:54,UC-CH-001,1,89.90,89.90
POS-ORD-000731,lola.david332@email.com,BOR01,2026-05-28 23:17:54,UC-PA-004,2,54.90,109.80
POS-ORD-000739,tom.fournier121@email.com,PAR01,2026-01-02 22:56:54,UC-PA-004,2,54.90,109.80
POS-ORD-000740,raphael.bertrand266@email.com,LIL01,2026-01-23 13:12:54,UC-PA-003,3,44.90,134.70
POS-ORD-000742,jules.garcia410@email.com,PAR01,2025-12-06 16:53:54,UC-VE-002,3,119.90,359.70
POS-ORD-000745,clara.moreau120@email.com,MAR01,2025-11-13 13:44:54,UC-AC-003,1,29.90,29.90
POS-ORD-000746,tom.david125@email.com,STR01,2025-08-13 21:54:54,UC-PA-003,1,44.90,44.90
POS-ORD-000749,paul.simon419@email.com,BOR01,2025-12-06 18:19:54,UC-VE-003,1,149.90,149.90
POS-ORD-000750,louis.david304@email.com,STR01,2025-09-09 14:02:54,UC-AC-004,1,34.90,34.90
POS-ORD-000752,lola.moreau69@email.com,TLS01,2026-04-01 22:13:54,UC-VE-003,1,149.90,149.90
POS-ORD-000757,louis.michel333@email.com,LIL01,2026-02-13 21:43:54,UC-TS-003,2,24.90,49.80
POS-ORD-000758,ines.simon323@email.com,STR01,2025-07-14 15:04:54,UC-TS-001,3,29.90,89.70
POS-ORD-000763,lola.robert55@email.com,NAN01,2026-04-07 20:26:54,UC-TS-004,2,39.90,79.80
POS-ORD-000764,raphael.michel357@email.com,NAN01,2026-03-25 18:13:54,UC-AC-002,1,49.90,49.90
POS-ORD-000765,camille.thomas268@email.com,LIL01,2026-01-23 13:46:54,UC-PA-003,3,44.90,134.70
POS-ORD-000767,lucas.thomas290@email.com,MAR01,2026-03-10 00:26:54,UC-VE-001,1,99.90,99.90
POS-ORD-000769,nathan.david40@email.com,PAR01,2025-12-08 23:56:54,UC-AC-002,1,49.90,49.90
POS-ORD-000770,jules.david299@email.com,PAR01,2025-10-14 14:25:54,UC-VE-002,2,119.90,239.80
POS-ORD-000771,paul.moreau136@email.com,TLS01,2025-08-25 13:11:54,UC-TS-001,3,29.90,89.70
POS-ORD-000772,sarah.martin405@email.com,STR01,2025-08-15 16:25:54,UC-TS-001,2,29.90,59.80
POS-ORD-000780,raphael.david178@email.com,NAN01,2025-07-17 13:16:54,UC-PA-003,2,44.90,89.80
POS-ORD-000783,clara.lefebvre86@email.com,MAR01,2025-10-16 14:39:54,UC-RO-003,1,79.90,79.90
POS-ORD-000784,jules.roux87@email.com,LIL01,2025-11-09 14:12:54,UC-PA-001,1,79.90,79.90
POS-ORD-000786,lola.richard340@email.com,LIL01,2025-07-30 13:42:54,UC-RO-001,3,89.90,269.70
POS-ORD-000787,lea.vincent446@email.com,NAN01,2025-08-16 23:32:54,UC-VE-002,3,119.90,359.70
POS-ORD-000788,raphael.simon334@email.com,PAR02,2026-02-20 21:57:54,UC-AC-004,2,34.90,69.80
POS-ORD-000790,jules.laurent65@email.com,NCE01,2025-08-28 14:13:54,UC-CH-001,2,89.90,179.80
POS-ORD-000792,raphael.bertrand266@email.com,STR01,2026-02-26 23:48:54,UC-PA-004,3,54.90,164.70
POS-ORD-000795,manon.david140@email.com,NAN01,2025-07-31 21:42:54,UC-TS-004,2,39.90,79.80
POS-ORD-000799,julie.bernard387@email.com,MAR01,2026-05-14 16:27:54,UC-TS-003,2,24.90,49.80
POS-ORD-000801,sarah.dubois435@email.com,STR01,2025-07-19 22:37:54,UC-AC-002,2,49.90,99.80
POS-ORD-000802,ines.durand149@email.com,PAR01,2026-02-28 12:26:54,UC-RO-001,1,89.90,89.90
POS-ORD-000803,emma.roux185@email.com,NAN01,2025-07-07 12:19:54,UC-TS-004,1,39.90,39.90
POS-ORD-000804,arthur.fournier347@email.com,PAR01,2026-05-01 19:43:54,UC-RO-002,1,69.90,69.90
POS-ORD-000806,tom.david125@email.com,NCE01,2026-02-16 18:42:54,UC-TS-002,1,34.90,34.90
POS-ORD-000808,manon.david140@email.com,STR01,2026-06-15 00:06:54,UC-RO-003,2,79.90,159.80
POS-ORD-000815,gabriel.bertrand2@email.com,MAR01,2026-01-11 00:11:54,UC-AC-004,2,34.90,69.80
POS-ORD-000822,ines.laurent308@email.com,NCE01,2025-08-21 19:56:54,UC-AC-004,1,34.90,34.90
POS-ORD-000829,maxime.robert168@email.com,MAR01,2025-12-31 12:56:54,UC-PA-001,2,79.90,159.80
POS-ORD-000832,julie.leroy270@email.com,PAR02,2025-08-31 20:38:54,UC-CH-002,3,109.90,329.70
POS-ORD-000833,sarah.moreau459@email.com,TLS01,2026-01-08 12:49:54,UC-TS-002,1,34.90,34.90
POS-ORD-000834,louis.garcia282@email.com,TLS01,2025-10-18 16:05:54,UC-PA-004,2,54.90,109.80
POS-ORD-000837,paul.martin93@email.com,NAN01,2025-10-23 16:55:54,UC-RO-003,2,79.90,159.80
POS-ORD-000839,lea.laurent432@email.com,PAR02,2026-05-10 23:27:54,UC-PA-001,3,79.90,239.70
POS-ORD-000842,lola.david254@email.com,PAR01,2025-07-08 16:29:54,UC-AC-003,3,29.90,89.70
POS-ORD-000848,paul.garcia109@email.com,BOR01,2025-07-31 15:48:54,UC-TS-001,3,29.90,89.70
POS-ORD-000850,nathan.michel3@email.com,LIL01,2026-01-02 20:51:54,UC-PA-004,2,54.90,109.80
POS-ORD-000853,nathan.fournier79@email.com,NAN01,2025-10-22 18:50:54,UC-AC-001,1,39.90,39.90
POS-ORD-000862,nathan.robert144@email.com,TLS01,2025-11-12 21:34:54,UC-VE-003,1,149.90,149.90
POS-ORD-000863,lea.durand95@email.com,NAN01,2026-04-22 20:29:54,UC-VE-002,2,119.90,239.80
POS-ORD-000865,manon.leroy96@email.com,NAN01,2025-07-30 22:59:54,UC-TS-004,3,39.90,119.70
POS-ORD-000876,maxime.lefebvre98@email.com,STR01,2026-05-12 16:34:54,UC-RO-003,1,79.90,79.90
POS-ORD-000877,julie.garcia389@email.com,TLS01,2026-04-03 01:05:54,UC-VE-001,3,99.90,299.70
POS-ORD-000880,lucas.petit85@email.com,NCE01,2025-06-28 22:55:54,UC-PA-004,2,54.90,109.80
POS-ORD-000885,sarah.thomas436@email.com,MAR01,2025-06-22 20:38:54,UC-VE-002,2,119.90,239.80
POS-ORD-000886,julie.martin23@email.com,BOR01,2026-01-22 00:33:54,UC-AC-004,1,34.90,34.90
POS-ORD-000889,lucas.fournier166@email.com,NCE01,2025-09-11 20:27:54,UC-PA-001,3,79.90,239.70
POS-ORD-000896,lucas.bertrand331@email.com,NAN01,2026-01-12 22:17:54,UC-AC-002,1,49.90,49.90
POS-ORD-000901,sarah.martin405@email.com,STR01,2025-12-28 14:08:54,UC-PA-002,3,59.90,179.70
POS-ORD-000903,julie.garcia28@email.com,PAR01,2026-02-03 14:39:54,UC-AC-004,3,34.90,104.70
POS-ORD-000905,anais.thomas0@email.com,BOR01,2026-02-23 18:49:54,UC-VE-002,1,119.90,119.90
POS-ORD-000907,chloe.leroy52@email.com,PAR02,2026-05-11 15:52:54,UC-AC-002,2,49.90,99.80
POS-ORD-000911,lola.dubois403@email.com,STR01,2025-07-19 22:53:54,UC-TS-001,1,29.90,29.90
POS-ORD-000920,gabriel.richard124@email.com,LYO01,2026-05-22 14:05:54,UC-VE-001,1,99.90,99.90
POS-ORD-000922,tom.richard244@email.com,MAR01,2026-06-04 22:50:54,UC-PA-004,1,54.90,54.90
POS-ORD-000923,ines.leroy39@email.com,LYO01,2025-11-18 22:25:54,UC-TS-001,3,29.90,89.70
POS-ORD-000927,emma.roux283@email.com,LYO01,2025-10-06 20:28:54,UC-AC-001,3,39.90,119.70
POS-ORD-000928,paul.garcia139@email.com,NCE01,2025-12-08 22:26:54,UC-PA-001,3,79.90,239.70
POS-ORD-000931,lea.petit84@email.com,PAR02,2025-07-23 19:01:54,UC-TS-002,2,34.90,69.80
POS-ORD-000932,ines.leroy39@email.com,TLS01,2025-12-31 00:58:54,UC-CH-002,3,109.90,329.70
POS-ORD-000934,louis.garcia282@email.com,NCE01,2026-06-03 21:56:54,UC-VE-001,3,99.90,299.70
POS-ORD-000935,lea.roux289@email.com,BOR01,2025-10-16 01:10:54,UC-TS-002,3,34.90,104.70
POS-ORD-000936,louis.michel4@email.com,NAN01,2025-11-28 17:01:54,UC-CH-002,2,109.90,219.80
POS-ORD-000937,ines.richard371@email.com,TLS01,2025-06-25 15:07:54,UC-CH-002,1,109.90,109.90
POS-ORD-000943,jules.richard20@email.com,LYO01,2026-03-05 15:35:54,UC-TS-003,1,24.90,24.90
POS-ORD-000945,lea.roux255@email.com,PAR02,2026-01-10 22:14:54,UC-PA-002,2,59.90,119.80
POS-ORD-000946,raphael.bertrand143@email.com,STR01,2025-12-22 00:09:54,UC-TS-004,2,39.90,79.80
POS-ORD-000947,clara.vincent132@email.com,PAR02,2025-11-05 14:14:54,UC-VE-003,2,149.90,299.80
POS-ORD-000949,anais.david225@email.com,NAN01,2025-08-04 19:50:54,UC-CH-002,3,109.90,329.70
POS-ORD-000955,maxime.robert168@email.com,STR01,2025-12-26 15:42:54,UC-PA-001,2,79.90,159.80
POS-ORD-000958,chloe.dubois479@email.com,PAR01,2025-10-20 22:10:54,UC-CH-002,2,109.90,219.80
POS-ORD-000959,jules.robert388@email.com,PAR02,2026-02-10 15:02:54,UC-PA-003,2,44.90,89.80
POS-ORD-000965,anais.fournier7@email.com,NAN01,2026-04-05 17:18:54,UC-RO-001,2,89.90,179.80
POS-ORD-000968,emma.roux356@email.com,MAR01,2025-08-16 19:00:54,UC-AC-004,1,34.90,34.90
POS-ORD-000969,arthur.fournier347@email.com,BOR01,2025-12-12 20:12:54,UC-TS-004,1,39.90,39.90
POS-ORD-000971,anais.thomas180@email.com,LYO01,2025-09-25 12:52:54,UC-AC-004,2,34.90,69.80
POS-ORD-000972,arthur.laurent234@email.com,NAN01,2026-03-21 16:35:54,UC-PA-003,2,44.90,89.80
POS-ORD-000979,lola.garcia450@email.com,NAN01,2025-11-19 14:58:54,UC-AC-001,2,39.90,79.80
POS-ORD-000985,maxime.laurent428@email.com,NAN01,2026-01-05 22:08:54,UC-AC-004,1,34.90,34.90
POS-ORD-000989,ines.richard371@email.com,LYO01,2025-07-18 00:56:54,UC-TS-003,2,24.90,49.80
POS-ORD-000991,louis.garcia54@email.com,LIL01,2026-02-05 23:08:54,UC-RO-001,2,89.90,179.80
POS-ORD-000992,raphael.simon467@email.com,PAR02,2026-04-29 17:23:54,UC-VE-001,2,99.90,199.80
POS-ORD-000994,gabriel.vincent413@email.com,NCE01,2026-01-19 00:16:54,UC-RO-002,1,69.90,69.90
POS-ORD-001000,lola.bertrand239@email.com,LYO01,2025-09-30 18:14:54,UC-VE-003,2,149.90,299.80
POS-ORD-001004,maxime.bertrand191@email.com,NAN01,2026-03-27 00:41:54,UC-PA-001,2,79.90,159.80
POS-ORD-001005,ines.lefebvre150@email.com,LYO01,2025-09-21 19:48:54,UC-PA-004,3,54.90,164.70
POS-ORD-001006,raphael.leroy414@email.com,LIL01,2026-03-16 19:58:54,UC-CH-001,2,89.90,179.80
POS-ORD-001008,paul.garcia109@email.com,BOR01,2026-01-06 21:38:54,UC-RO-003,3,79.90,239.70
POS-ORD-001009,ines.laurent308@email.com,NCE01,2026-02-28 23:38:54,UC-VE-001,3,99.90,299.70
POS-ORD-001018,gabriel.garcia431@email.com,PAR01,2026-04-29 00:59:54,UC-CH-002,3,109.90,329.70
POS-ORD-001019,raphael.moreau71@email.com,PAR02,2025-07-02 13:46:54,UC-PA-002,2,59.90,119.80
POS-ORD-001020,hugo.richard97@email.com,PAR01,2026-06-17 13:18:54,UC-CH-002,3,109.90,329.70
POS-ORD-001022,marie.roux138@email.com,LYO01,2025-08-25 18:06:54,UC-RO-002,1,69.90,69.90
POS-ORD-001023,paul.david385@email.com,TLS01,2025-07-28 17:31:54,UC-TS-004,2,39.90,79.80
POS-ORD-001024,tom.thomas123@email.com,STR01,2025-07-16 17:56:54,UC-TS-004,2,39.90,79.80
POS-ORD-001026,raphael.vincent337@email.com,PAR01,2026-05-11 23:42:54,UC-VE-001,3,99.90,299.70
POS-ORD-001027,gabriel.martin343@email.com,MAR01,2025-12-04 21:42:54,UC-VE-001,2,99.90,199.80
POS-ORD-001030,clara.petit231@email.com,BOR01,2026-03-08 12:48:54,UC-PA-004,3,54.90,164.70
POS-ORD-001031,lea.lefebvre216@email.com,STR01,2026-01-13 15:32:54,UC-RO-002,3,69.90,209.70
POS-ORD-001034,marie.martin474@email.com,TLS01,2025-12-20 19:00:54,UC-AC-004,1,34.90,34.90
POS-ORD-001036,lola.david332@email.com,LYO01,2025-11-15 21:55:54,UC-TS-003,3,24.90,74.70
POS-ORD-001041,sarah.robert253@email.com,NCE01,2026-03-07 19:33:54,UC-VE-001,1,99.90,99.90
POS-ORD-001049,arthur.martin251@email.com,STR01,2026-02-08 14:42:54,UC-CH-002,3,109.90,329.70
POS-ORD-001051,maxime.durand57@email.com,NAN01,2025-09-27 13:33:54,UC-AC-001,3,39.90,119.70
POS-ORD-001052,anais.richard438@email.com,NCE01,2026-04-08 19:42:54,UC-VE-002,3,119.90,359.70
POS-ORD-001053,sarah.moreau379@email.com,NAN01,2026-03-06 14:08:54,UC-PA-003,2,44.90,89.80
POS-ORD-001059,anais.petit267@email.com,BOR01,2025-09-07 15:03:54,UC-AC-002,3,49.90,149.70
POS-ORD-001060,maxime.michel33@email.com,NCE01,2025-10-31 01:00:54,UC-AC-002,1,49.90,49.90
POS-ORD-001065,lea.lefebvre216@email.com,NCE01,2026-02-06 20:35:54,UC-TS-003,1,24.90,24.90
POS-ORD-001066,arthur.laurent223@email.com,LYO01,2026-04-09 14:24:54,UC-CH-001,3,89.90,269.70
POS-ORD-001067,raphael.vincent213@email.com,STR01,2026-01-16 21:08:54,UC-AC-004,1,34.90,34.90
POS-ORD-001070,camille.fournier236@email.com,LYO01,2026-06-06 12:47:54,UC-TS-001,3,29.90,89.70
POS-ORD-001071,tom.simon314@email.com,TLS01,2025-08-26 16:50:54,UC-AC-002,1,49.90,49.90
POS-ORD-001073,gabriel.martin343@email.com,PAR01,2025-09-27 17:20:54,UC-TS-001,2,29.90,59.80
POS-ORD-001074,marie.roux138@email.com,STR01,2025-08-19 23:21:54,UC-PA-002,2,59.90,119.80
POS-ORD-001078,raphael.michel412@email.com,LYO01,2025-07-02 22:06:54,UC-VE-003,3,149.90,449.70
POS-ORD-001079,nathan.moreau309@email.com,PAR01,2026-05-01 22:00:54,UC-PA-002,3,59.90,179.70
POS-ORD-001080,julie.michel426@email.com,NAN01,2025-12-02 00:14:54,UC-AC-003,2,29.90,59.80
POS-ORD-001082,tom.petit439@email.com,LYO01,2025-11-10 22:33:54,UC-PA-004,1,54.90,54.90
POS-ORD-001086,chloe.david14@email.com,BOR01,2026-04-19 15:49:54,UC-AC-002,2,49.90,99.80
POS-ORD-001101,lucas.fournier44@email.com,LYO01,2025-08-01 15:07:54,UC-TS-004,1,39.90,39.90
POS-ORD-001106,louis.thomas60@email.com,MAR01,2026-05-24 15:39:54,UC-VE-003,1,149.90,149.90
POS-ORD-001107,anais.david420@email.com,LYO01,2025-12-02 13:51:54,UC-AC-002,2,49.90,99.80
POS-ORD-001109,hugo.leroy204@email.com,STR01,2025-09-13 13:16:54,UC-PA-004,1,54.90,54.90
POS-ORD-001118,maxime.roux359@email.com,NCE01,2026-04-10 23:45:54,UC-PA-003,3,44.90,134.70
POS-ORD-001121,jules.garcia410@email.com,STR01,2026-02-13 01:09:54,UC-TS-001,3,29.90,89.70
POS-ORD-001123,ines.durand149@email.com,PAR02,2025-11-28 17:31:54,UC-RO-001,3,89.90,269.70
POS-ORD-001127,nathan.petit27@email.com,MAR01,2025-06-23 15:42:54,UC-CH-002,2,109.90,219.80
POS-ORD-001132,nathan.petit196@email.com,NAN01,2026-02-25 21:49:54,UC-RO-003,1,79.90,79.90
POS-ORD-001137,arthur.dubois217@email.com,NAN01,2025-09-02 12:40:54,UC-TS-004,3,39.90,119.70
POS-ORD-001141,arthur.bertrand63@email.com,LYO01,2025-07-16 19:20:54,UC-AC-002,3,49.90,149.70
POS-ORD-001142,emma.david227@email.com,LIL01,2025-11-07 00:44:54,UC-RO-003,1,79.90,79.90
POS-ORD-001144,sarah.moreau459@email.com,BOR01,2026-01-10 23:45:54,UC-PA-004,3,54.90,164.70
POS-ORD-001145,clara.vincent132@email.com,NCE01,2026-02-23 15:02:54,UC-VE-003,1,149.90,149.90
POS-ORD-001146,nathan.bernard335@email.com,TLS01,2026-04-22 15:11:54,UC-TS-002,1,34.90,34.90
POS-ORD-001149,lea.dubois276@email.com,STR01,2026-02-19 20:07:54,UC-TS-002,3,34.90,104.70
POS-ORD-001153,gabriel.vincent188@email.com,MAR01,2026-04-04 16:12:54,UC-TS-002,2,34.90,69.80
POS-ORD-001158,nathan.richard162@email.com,MAR01,2025-08-29 20:15:54,UC-AC-001,1,39.90,39.90
POS-ORD-001172,hugo.durand164@email.com,PAR02,2025-10-02 13:36:54,UC-RO-003,1,79.90,79.90
POS-ORD-001176,nathan.moreau50@email.com,STR01,2026-03-27 23:55:54,UC-CH-002,2,109.90,219.80
POS-ORD-001177,julie.fournier114@email.com,MAR01,2026-02-07 15:25:54,UC-RO-002,2,69.90,139.80
POS-ORD-001179,chloe.david14@email.com,STR01,2025-09-16 16:22:54,UC-PA-004,1,54.90,54.90
POS-ORD-001182,emma.david227@email.com,BOR01,2026-02-05 23:18:54,UC-PA-003,2,44.90,89.80
POS-ORD-001183,arthur.dubois374@email.com,PAR02,2026-05-10 13:23:54,UC-PA-002,2,59.90,119.80
POS-ORD-001187,maxime.richard70@email.com,LYO01,2026-02-27 15:01:54,UC-TS-004,2,39.90,79.80
POS-ORD-001188,tom.robert248@email.com,PAR02,2025-10-08 21:05:54,UC-RO-002,3,69.90,209.70
POS-ORD-001194,tom.bernard214@email.com,STR01,2026-02-13 14:46:54,UC-RO-003,2,79.90,159.80
POS-ORD-001195,jules.leroy163@email.com,STR01,2025-06-28 18:28:54,UC-PA-002,2,59.90,119.80
POS-ORD-001196,camille.durand430@email.com,BOR01,2025-11-21 14:58:54,UC-VE-003,3,149.90,449.70
POS-ORD-001197,jules.richard259@email.com,LIL01,2026-05-19 16:24:54,UC-VE-001,2,99.90,199.80
POS-ORD-001200,raphael.fournier293@email.com,NCE01,2026-03-06 12:33:54,UC-RO-002,3,69.90,209.70
POS-ORD-001203,nathan.bernard335@email.com,LYO01,2026-03-04 19:39:54,UC-TS-002,3,34.90,104.70
POS-ORD-001204,maxime.lefebvre429@email.com,LIL01,2026-02-22 20:22:54,UC-AC-004,2,34.90,69.80
POS-ORD-001210,maxime.dubois10@email.com,NCE01,2025-09-15 15:15:54,UC-TS-001,3,29.90,89.70
POS-ORD-001211,sarah.martin405@email.com,TLS01,2025-08-13 20:23:54,UC-TS-003,1,24.90,24.90
POS-ORD-001212,arthur.bertrand380@email.com,NCE01,2026-01-30 18:01:54,UC-TS-001,2,29.90,59.80
POS-ORD-001216,lea.david203@email.com,BOR01,2025-12-12 17:37:54,UC-VE-002,2,119.90,239.80
POS-ORD-001217,sarah.michel170@email.com,STR01,2026-05-08 23:38:54,UC-RO-001,3,89.90,269.70
POS-ORD-001219,gabriel.dubois30@email.com,LYO01,2025-11-21 20:26:54,UC-VE-003,2,149.90,299.80
POS-ORD-001221,julie.garcia353@email.com,MAR01,2025-10-12 16:42:54,UC-VE-001,3,99.90,299.70
POS-ORD-001223,camille.dubois471@email.com,PAR01,2025-06-26 23:49:54,UC-PA-002,2,59.90,119.80
POS-ORD-001226,raphael.robert383@email.com,BOR01,2025-11-28 00:55:54,UC-AC-004,2,34.90,69.80
POS-ORD-001231,arthur.moreau240@email.com,PAR02,2026-01-11 14:01:54,UC-PA-001,1,79.90,79.90
POS-ORD-001235,arthur.petit478@email.com,NCE01,2025-09-15 14:31:54,UC-AC-001,3,39.90,119.70
POS-ORD-001236,nathan.durand78@email.com,PAR02,2026-03-01 21:02:54,UC-PA-002,3,59.90,179.70
POS-ORD-001237,hugo.leroy64@email.com,NCE01,2025-07-24 12:49:54,UC-AC-003,3,29.90,89.70
POS-ORD-001239,hugo.roux1@email.com,LYO01,2026-05-04 12:34:54,UC-VE-002,1,119.90,119.90
POS-ORD-001241,arthur.dubois217@email.com,TLS01,2026-01-16 16:25:54,UC-VE-003,2,149.90,299.80
POS-ORD-001242,jules.laurent201@email.com,TLS01,2025-06-23 17:51:54,UC-TS-003,2,24.90,49.80
POS-ORD-001245,julie.garcia350@email.com,LIL01,2025-11-09 14:51:54,UC-PA-002,3,59.90,179.70
POS-ORD-001246,nathan.richard437@email.com,TLS01,2025-12-24 13:46:54,UC-RO-003,3,79.90,239.70
POS-ORD-001249,camille.robert48@email.com,BOR01,2025-10-06 00:35:54,UC-CH-002,2,109.90,219.80
POS-ORD-001250,lea.moreau328@email.com,PAR01,2026-05-28 13:28:54,UC-VE-003,2,149.90,299.80
POS-ORD-001257,raphael.vincent213@email.com,BOR01,2026-03-13 12:41:54,UC-TS-002,1,34.90,34.90
POS-ORD-001258,julie.richard42@email.com,TLS01,2026-05-28 20:35:54,UC-RO-002,2,69.90,139.80
POS-ORD-001264,manon.richard91@email.com,MAR01,2025-09-03 19:47:54,UC-AC-001,1,39.90,39.90
POS-ORD-001277,camille.moreau215@email.com,TLS01,2025-08-28 18:36:54,UC-PA-003,2,44.90,89.80
POS-ORD-001280,arthur.laurent234@email.com,LYO01,2025-10-28 00:31:54,UC-TS-003,1,24.90,24.90
POS-ORD-001281,ines.dubois154@email.com,PAR02,2026-03-17 21:19:54,UC-AC-002,1,49.90,49.90
POS-ORD-001284,raphael.simon467@email.com,PAR02,2025-12-09 17:28:54,UC-VE-003,3,149.90,449.70
POS-ORD-001285,camille.laurent198@email.com,BOR01,2026-04-12 18:24:54,UC-RO-001,2,89.90,179.80
POS-ORD-001286,paul.simon419@email.com,NCE01,2025-11-30 17:09:54,UC-PA-003,3,44.90,134.70
POS-ORD-001298,lola.lefebvre76@email.com,NCE01,2025-06-22 15:57:54,UC-TS-001,2,29.90,59.80
POS-ORD-001299,lea.garcia372@email.com,STR01,2026-05-26 17:55:54,UC-RO-003,2,79.90,159.80
POS-ORD-001300,anais.simon235@email.com,LIL01,2025-08-17 14:50:54,UC-CH-002,1,109.90,109.90
POS-ORD-001301,lola.durand345@email.com,NAN01,2025-09-15 21:02:54,UC-AC-002,1,49.90,49.90
POS-ORD-001303,arthur.dubois374@email.com,PAR02,2025-11-29 22:02:54,UC-TS-002,3,34.90,104.70
POS-ORD-001304,hugo.leroy64@email.com,STR01,2025-10-10 18:16:54,UC-RO-001,3,89.90,269.70
POS-ORD-001305,julie.garcia352@email.com,LIL01,2025-09-24 15:44:54,UC-PA-004,1,54.90,54.90
POS-ORD-001312,arthur.fournier347@email.com,NAN01,2026-06-17 19:00:54,UC-AC-002,2,49.90,99.80
POS-ORD-001314,manon.roux49@email.com,NCE01,2026-06-10 13:53:54,UC-VE-002,1,119.90,119.90
POS-ORD-001316,lea.fournier243@email.com,STR01,2025-12-26 19:53:54,UC-AC-004,1,34.90,34.90
POS-ORD-001319,julie.richard42@email.com,LIL01,2025-09-21 19:54:54,UC-VE-001,3,99.90,299.70
POS-ORD-001320,clara.petit231@email.com,LIL01,2026-04-01 15:36:54,UC-RO-003,1,79.90,79.90
POS-ORD-001323,manon.roux49@email.com,LYO01,2026-03-03 23:37:54,UC-TS-003,1,24.90,24.90
POS-ORD-001324,maxime.michel392@email.com,NCE01,2025-11-22 19:25:54,UC-TS-003,3,24.90,74.70
POS-ORD-001327,julie.leroy146@email.com,LIL01,2026-03-21 18:55:54,UC-RO-003,1,79.90,79.90
POS-ORD-001328,paul.david390@email.com,NCE01,2026-03-23 14:15:54,UC-RO-003,3,79.90,239.70
POS-ORD-001329,raphael.simon334@email.com,MAR01,2025-11-21 21:33:54,UC-PA-003,2,44.90,89.80
POS-ORD-001333,sarah.dubois435@email.com,STR01,2025-12-13 13:18:54,UC-RO-002,2,69.90,139.80
POS-ORD-001337,lea.vincent446@email.com,PAR01,2025-10-26 14:09:54,UC-RO-002,1,69.90,69.90
POS-ORD-001340,raphael.david246@email.com,NAN01,2025-11-28 13:24:54,UC-TS-002,2,34.90,69.80
POS-ORD-001343,manon.garcia72@email.com,PAR02,2026-03-04 21:07:54,UC-VE-002,2,119.90,239.80
POS-ORD-001347,gabriel.bernard365@email.com,STR01,2026-03-30 15:33:54,UC-AC-002,2,49.90,99.80
POS-ORD-001349,jules.simon131@email.com,PAR01,2026-03-03 15:54:54,UC-VE-002,1,119.90,119.90
POS-ORD-001353,louis.garcia89@email.com,BOR01,2026-06-12 15:09:54,UC-VE-003,2,149.90,299.80
POS-ORD-001356,camille.durand430@email.com,PAR02,2026-03-08 19:31:54,UC-AC-003,1,29.90,29.90
POS-ORD-001358,lola.robert408@email.com,LYO01,2025-09-02 16:58:54,UC-TS-002,2,34.90,69.80
POS-ORD-001359,julie.garcia353@email.com,NCE01,2025-07-01 13:44:54,UC-VE-002,1,119.90,119.90
POS-ORD-001361,ines.garcia463@email.com,NCE01,2026-01-16 01:00:54,UC-RO-001,3,89.90,269.70
POS-ORD-001363,jules.leroy163@email.com,MAR01,2025-10-18 23:45:54,UC-PA-001,1,79.90,79.90
POS-ORD-001364,hugo.roux51@email.com,PAR01,2026-03-01 15:42:54,UC-AC-004,3,34.90,104.70
POS-ORD-001365,anais.roux297@email.com,NCE01,2025-11-05 12:32:54,UC-PA-003,1,44.90,44.90
POS-ORD-001367,ines.simon323@email.com,BOR01,2025-10-03 17:41:54,UC-RO-002,2,69.90,139.80
POS-ORD-001369,lola.thomas320@email.com,TLS01,2026-03-18 18:13:54,UC-RO-003,1,79.90,79.90
POS-ORD-001372,hugo.bertrand398@email.com,TLS01,2026-03-02 20:41:54,UC-PA-002,1,59.90,59.90
POS-ORD-001376,paul.thomas117@email.com,LIL01,2026-01-15 20:04:54,UC-AC-001,2,39.90,79.80
POS-ORD-001381,lola.robert408@email.com,PAR02,2025-10-05 17:19:54,UC-VE-001,3,99.90,299.70
POS-ORD-001383,camille.bernard399@email.com,NCE01,2025-06-23 17:58:54,UC-TS-003,3,24.90,74.70
POS-ORD-001384,lola.simon300@email.com,TLS01,2026-04-30 00:33:54,UC-TS-003,1,24.90,24.90
POS-ORD-001390,emma.roux185@email.com,PAR01,2025-07-08 13:57:54,UC-CH-001,1,89.90,89.90
POS-ORD-001393,gabriel.robert258@email.com,PAR02,2025-10-11 20:37:54,UC-CH-001,3,89.90,269.70
POS-ORD-001394,clara.roux376@email.com,LYO01,2026-05-03 16:24:54,UC-PA-001,3,79.90,239.70
POS-ORD-001397,louis.michel333@email.com,TLS01,2026-03-18 14:37:54,UC-CH-001,1,89.90,89.90
POS-ORD-001398,camille.bernard399@email.com,NAN01,2025-11-26 15:55:54,UC-PA-003,1,44.90,44.90
POS-ORD-001399,anais.laurent9@email.com,MAR01,2026-01-05 19:04:54,UC-TS-001,1,29.90,29.90
POS-ORD-001400,jules.david299@email.com,NCE01,2025-10-28 14:31:54,UC-CH-001,3,89.90,269.70
POS-ORD-001408,manon.fournier47@email.com,MAR01,2025-08-27 13:40:54,UC-RO-002,3,69.90,209.70
POS-ORD-001410,hugo.richard97@email.com,PAR02,2025-10-03 19:43:54,UC-VE-001,1,99.90,99.90
POS-ORD-001415,manon.bernard265@email.com,NCE01,2025-06-29 17:25:54,UC-RO-001,1,89.90,89.90
POS-ORD-001418,tom.martin186@email.com,LIL01,2026-06-04 18:00:54,UC-PA-002,1,59.90,59.90
POS-ORD-001419,emma.garcia465@email.com,PAR01,2026-01-07 00:23:54,UC-AC-001,3,39.90,119.70
POS-ORD-001422,maxime.durand57@email.com,NCE01,2025-11-19 16:45:54,UC-VE-003,2,149.90,299.80
POS-ORD-001424,raphael.martin165@email.com,STR01,2025-08-09 14:28:54,UC-AC-004,2,34.90,69.80
POS-ORD-001425,raphael.robert383@email.com,LYO01,2026-04-16 21:41:54,UC-TS-004,1,39.90,39.90
POS-ORD-001426,louis.moreau115@email.com,NCE01,2026-05-02 13:48:54,UC-PA-001,3,79.90,239.70
POS-ORD-001429,julie.garcia389@email.com,PAR01,2025-11-15 19:31:54,UC-RO-001,2,89.90,179.80
POS-ORD-001431,louis.dubois73@email.com,STR01,2026-03-29 18:53:54,UC-TS-002,1,34.90,34.90
POS-ORD-001435,camille.petit339@email.com,LIL01,2025-12-26 12:40:54,UC-PA-002,3,59.90,179.70
POS-ORD-001437,manon.laurent61@email.com,STR01,2026-01-19 22:18:54,UC-AC-004,3,34.90,104.70
POS-ORD-001442,gabriel.garcia431@email.com,PAR01,2025-08-11 18:19:54,UC-RO-001,3,89.90,269.70
POS-ORD-001448,raphael.moreau71@email.com,LYO01,2025-08-24 15:04:54,UC-TS-003,1,24.90,24.90
POS-ORD-001450,maxime.dubois395@email.com,PAR02,2026-02-21 14:45:54,UC-PA-004,2,54.90,109.80
POS-ORD-001468,sarah.moreau379@email.com,LIL01,2026-03-23 17:19:54,UC-TS-003,2,24.90,49.80
POS-ORD-001469,clara.simon315@email.com,PAR02,2026-02-23 19:20:54,UC-AC-004,3,34.90,104.70
POS-ORD-001470,clara.roux327@email.com,NAN01,2025-08-05 17:33:54,UC-TS-003,2,24.90,49.80
POS-ORD-001472,nathan.david386@email.com,BOR01,2026-01-06 01:06:54,UC-RO-002,1,69.90,69.90
POS-ORD-001474,lea.david203@email.com,NCE01,2026-05-12 22:08:54,UC-PA-004,3,54.90,164.70
POS-ORD-001480,maxime.lefebvre429@email.com,LYO01,2025-09-08 16:37:54,UC-RO-003,2,79.90,159.80
POS-ORD-001482,lea.martin382@email.com,LIL01,2025-12-15 12:22:54,UC-AC-001,3,39.90,119.70
POS-ORD-001485,lucas.dubois274@email.com,TLS01,2025-08-14 21:27:54,UC-CH-001,1,89.90,89.90
POS-ORD-001486,anais.david420@email.com,NCE01,2026-02-02 15:20:54,UC-VE-002,2,119.90,239.80
POS-ORD-001487,chloe.richard224@email.com,STR01,2025-11-09 00:03:54,UC-VE-003,3,149.90,449.70
POS-ORD-001488,nathan.robert286@email.com,LIL01,2025-10-18 14:04:54,UC-TS-002,2,34.90,69.80
POS-ORD-001490,tom.garcia220@email.com,BOR01,2026-03-01 14:45:54,UC-RO-001,2,89.90,179.80
POS-ORD-001500,gabriel.david285@email.com,TLS01,2025-12-11 00:03:54,UC-TS-002,3,34.90,104.70
POS-ORD-001505,gabriel.vincent413@email.com,TLS01,2026-04-25 19:30:54,UC-AC-002,2,49.90,99.80
POS-ORD-001511,julie.bernard387@email.com,MAR01,2026-03-09 20:53:54,UC-AC-004,3,34.90,104.70
POS-ORD-001513,camille.bernard53@email.com,BOR01,2025-10-15 15:49:54,UC-CH-001,3,89.90,269.70
POS-ORD-001514,emma.laurent394@email.com,NCE01,2026-05-29 22:08:54,UC-TS-002,3,34.90,104.70
POS-ORD-001516,raphael.durand24@email.com,NAN01,2026-03-15 19:39:54,UC-AC-002,2,49.90,99.80
POS-ORD-001518,nathan.lefebvre466@email.com,LIL01,2025-10-28 22:16:54,UC-VE-001,1,99.90,99.90
POS-ORD-001520,anais.moreau472@email.com,MAR01,2025-07-02 23:14:54,UC-TS-003,1,24.90,24.90
POS-ORD-001526,emma.roux356@email.com,PAR02,2025-07-15 13:59:54,UC-RO-003,1,79.90,79.90
POS-ORD-001527,louis.simon59@email.com,BOR01,2026-05-16 22:39:54,UC-RO-002,2,69.90,139.80
POS-ORD-001530,jules.laurent65@email.com,PAR01,2025-10-22 18:07:54,UC-AC-003,1,29.90,29.90
POS-ORD-001533,camille.petit339@email.com,PAR01,2026-03-04 13:53:54,UC-AC-003,1,29.90,29.90
POS-ORD-001534,nathan.durand78@email.com,PAR01,2026-03-22 19:44:54,UC-CH-001,2,89.90,179.80
POS-ORD-001535,nathan.bernard200@email.com,MAR01,2026-01-21 17:09:54,UC-TS-003,1,24.90,24.90
POS-ORD-001536,julie.bertrand171@email.com,TLS01,2025-11-06 23:20:54,UC-RO-003,1,79.90,79.90
POS-ORD-001537,maxime.david147@email.com,PAR02,2026-04-07 16:53:54,UC-AC-004,1,34.90,34.90
POS-ORD-001538,ines.michel209@email.com,LIL01,2026-06-11 15:27:54,UC-AC-003,3,29.90,89.70
POS-ORD-001539,jules.bertrand189@email.com,PAR01,2026-04-27 14:59:54,UC-TS-002,1,34.90,34.90
POS-ORD-001540,lea.simon288@email.com,PAR01,2025-09-02 23:19:54,UC-TS-002,2,34.90,69.80
POS-ORD-001547,anais.simon235@email.com,NAN01,2025-12-03 17:50:54,UC-RO-003,2,79.90,159.80
POS-ORD-001548,sarah.thomas68@email.com,MAR01,2026-02-14 21:28:54,UC-AC-003,1,29.90,29.90
POS-ORD-001550,maxime.bertrand191@email.com,STR01,2025-11-30 22:43:54,UC-AC-002,1,49.90,49.90
POS-ORD-001551,anais.robert153@email.com,LYO01,2026-05-24 22:00:54,UC-PA-004,2,54.90,109.80
POS-ORD-001552,raphael.vincent337@email.com,MAR01,2025-11-10 22:45:54,UC-TS-003,3,24.90,74.70
POS-ORD-001554,lea.moreau328@email.com,MAR01,2026-03-10 22:47:54,UC-TS-003,3,24.90,74.70
POS-ORD-001557,manon.bernard169@email.com,MAR01,2025-12-19 21:26:54,UC-PA-001,2,79.90,159.80
POS-ORD-001559,lea.fournier243@email.com,TLS01,2026-03-22 20:54:54,UC-CH-001,3,89.90,269.70
POS-ORD-001562,tom.robert58@email.com,NAN01,2026-05-01 13:11:54,UC-RO-001,2,89.90,179.80
POS-ORD-001566,lola.moreau69@email.com,MAR01,2025-07-08 18:15:54,UC-PA-004,2,54.90,109.80
POS-ORD-001567,maxime.leroy324@email.com,NCE01,2025-06-20 12:23:54,UC-CH-001,2,89.90,179.80
POS-ORD-001575,arthur.roux411@email.com,LIL01,2025-11-23 13:52:54,UC-AC-003,2,29.90,59.80
POS-ORD-001576,raphael.robert368@email.com,STR01,2026-03-13 17:55:54,UC-AC-001,3,39.90,119.70
POS-ORD-001577,lea.moreau470@email.com,LYO01,2026-01-07 16:16:54,UC-PA-001,3,79.90,239.70
POS-ORD-001578,raphael.michel412@email.com,NCE01,2026-05-12 22:50:54,UC-PA-002,1,59.90,59.90
POS-ORD-001579,jules.garcia410@email.com,LIL01,2026-05-13 00:27:54,UC-VE-002,1,119.90,119.90
POS-ORD-001581,ines.simon323@email.com,LYO01,2026-04-26 16:06:54,UC-CH-001,3,89.90,269.70
POS-ORD-001582,arthur.garcia102@email.com,MAR01,2026-05-04 14:08:54,UC-PA-001,1,79.90,79.90
POS-ORD-001584,lea.fournier243@email.com,BOR01,2025-10-09 15:28:54,UC-VE-001,3,99.90,299.70
POS-ORD-001585,arthur.dubois374@email.com,LYO01,2025-11-05 22:41:54,UC-TS-004,1,39.90,39.90
POS-ORD-001590,nathan.robert144@email.com,PAR01,2026-05-19 23:42:54,UC-RO-002,1,69.90,69.90
POS-ORD-001596,lucas.fournier166@email.com,NAN01,2025-10-25 18:04:54,UC-TS-003,2,24.90,49.80
POS-ORD-001599,nathan.simon111@email.com,MAR01,2025-12-01 18:04:54,UC-PA-002,1,59.90,59.90
POS-ORD-001608,clara.lefebvre402@email.com,MAR01,2025-12-27 15:23:54,UC-AC-001,3,39.90,119.70
POS-ORD-001609,lola.robert461@email.com,NCE01,2025-07-31 15:15:54,UC-RO-001,2,89.90,179.80
POS-ORD-001611,paul.bernard261@email.com,STR01,2026-04-05 15:53:54,UC-PA-002,2,59.90,119.80
POS-ORD-001618,manon.thomas152@email.com,NAN01,2026-04-07 21:12:54,UC-AC-001,1,39.90,39.90
POS-ORD-001620,louis.david304@email.com,NCE01,2026-04-25 20:44:54,UC-RO-003,2,79.90,159.80
POS-ORD-001622,nathan.richard26@email.com,NAN01,2025-10-18 20:04:54,UC-CH-001,3,89.90,269.70
POS-ORD-001625,manon.vincent452@email.com,PAR02,2025-06-19 22:42:54,UC-AC-003,1,29.90,29.90
POS-ORD-001626,raphael.moreau71@email.com,LIL01,2025-09-25 22:28:54,UC-RO-001,1,89.90,89.90
POS-ORD-001627,arthur.roux182@email.com,NAN01,2025-11-20 19:25:54,UC-CH-001,1,89.90,89.90
POS-ORD-001630,lucas.roux116@email.com,MAR01,2025-07-24 14:38:54,UC-VE-002,1,119.90,119.90
POS-ORD-001637,lola.richard284@email.com,NCE01,2025-12-03 22:20:54,UC-CH-002,3,109.90,329.70
POS-ORD-001638,jules.simon131@email.com,BOR01,2026-01-03 20:48:54,UC-CH-001,1,89.90,89.90
POS-ORD-001640,clara.leroy104@email.com,MAR01,2026-05-29 18:22:54,UC-RO-002,1,69.90,69.90
POS-ORD-001641,arthur.garcia102@email.com,NCE01,2026-01-18 13:30:54,UC-TS-004,3,39.90,119.70
POS-ORD-001645,ines.laurent308@email.com,MAR01,2025-10-17 16:35:54,UC-RO-002,2,69.90,139.80
POS-ORD-001646,ines.leroy39@email.com,PAR01,2026-06-20 00:34:54,UC-PA-004,1,54.90,54.90
POS-ORD-001650,ines.dubois154@email.com,PAR01,2025-10-29 12:15:54,UC-RO-001,2,89.90,179.80
POS-ORD-001652,hugo.richard445@email.com,NCE01,2025-09-07 20:56:54,UC-TS-004,3,39.90,119.70
POS-ORD-001653,manon.fournier245@email.com,NAN01,2025-06-30 23:00:54,UC-PA-001,3,79.90,239.70
POS-ORD-001654,lea.durand15@email.com,PAR01,2025-11-10 17:47:54,UC-TS-002,2,34.90,69.80
POS-ORD-001655,clara.bernard295@email.com,BOR01,2026-05-18 12:17:54,UC-TS-002,3,34.90,104.70
POS-ORD-001656,raphael.robert368@email.com,MAR01,2026-02-04 00:31:54,UC-VE-003,1,149.90,149.90
POS-ORD-001658,nathan.robert286@email.com,LIL01,2026-05-26 20:50:54,UC-VE-003,1,149.90,149.90
POS-ORD-001662,marie.bernard184@email.com,LIL01,2025-08-15 20:17:54,UC-PA-003,1,44.90,44.90
POS-ORD-001665,sarah.dubois435@email.com,NAN01,2026-03-06 13:48:54,UC-TS-004,1,39.90,39.90
POS-ORD-001666,lola.garcia450@email.com,PAR01,2025-09-15 00:40:54,UC-PA-002,3,59.90,179.70
POS-ORD-001672,louis.roux422@email.com,PAR01,2025-07-28 23:21:54,UC-VE-001,3,99.90,299.70
POS-ORD-001675,raphael.michel357@email.com,NAN01,2025-12-26 18:50:54,UC-PA-004,2,54.90,109.80
POS-ORD-001676,clara.moreau317@email.com,STR01,2025-07-29 15:36:54,UC-TS-004,2,39.90,79.80
POS-ORD-001685,clara.moreau129@email.com,STR01,2025-06-27 16:42:54,UC-TS-004,1,39.90,39.90
POS-ORD-001687,maxime.laurent428@email.com,LYO01,2025-10-16 17:58:54,UC-PA-001,1,79.90,79.90
POS-ORD-001688,maxime.dubois395@email.com,NCE01,2026-01-16 22:59:54,UC-TS-003,1,24.90,24.90
POS-ORD-001692,gabriel.moreau325@email.com,TLS01,2025-11-17 18:11:54,UC-AC-004,1,34.90,34.90
POS-ORD-001694,lea.fournier243@email.com,PAR02,2026-02-15 23:06:54,UC-TS-003,3,24.90,74.70
POS-ORD-001696,gabriel.david285@email.com,NAN01,2026-05-16 12:31:54,UC-AC-001,2,39.90,79.80
POS-ORD-001697,louis.simon59@email.com,NAN01,2026-02-21 22:04:54,UC-AC-004,1,34.90,34.90
POS-ORD-001698,hugo.dubois5@email.com,BOR01,2025-10-01 13:13:54,UC-CH-002,1,109.90,109.90
POS-ORD-001699,jules.david299@email.com,MAR01,2026-01-15 13:05:54,UC-AC-003,1,29.90,29.90
POS-ORD-001704,louis.moreau115@email.com,LIL01,2026-05-20 12:46:54,UC-AC-001,2,39.90,79.80
POS-ORD-001708,ines.bertrand221@email.com,LYO01,2025-11-18 23:38:54,UC-PA-004,1,54.90,54.90
POS-ORD-001713,lea.dubois128@email.com,LIL01,2026-01-23 15:41:54,UC-AC-001,2,39.90,79.80
POS-ORD-001714,camille.laurent464@email.com,LIL01,2026-03-14 19:54:54,UC-VE-002,3,119.90,359.70
POS-ORD-001720,louis.martin275@email.com,NAN01,2026-02-09 16:09:54,UC-CH-001,1,89.90,89.90
POS-ORD-001722,emma.durand475@email.com,NCE01,2025-09-11 15:21:54,UC-VE-003,2,149.90,299.80
POS-ORD-001724,lea.fournier243@email.com,LIL01,2026-01-11 00:05:54,UC-PA-003,2,44.90,89.80
POS-ORD-001726,jules.laurent65@email.com,NCE01,2025-07-03 19:00:54,UC-PA-002,3,59.90,179.70
POS-ORD-001727,gabriel.dubois30@email.com,NAN01,2025-12-29 15:27:54,UC-TS-001,1,29.90,29.90
POS-ORD-001729,camille.durand430@email.com,MAR01,2026-06-08 16:36:54,UC-VE-002,1,119.90,119.90
POS-ORD-001731,emma.leroy292@email.com,NAN01,2025-10-15 00:07:54,UC-PA-004,2,54.90,109.80
POS-ORD-001732,louis.petit113@email.com,MAR01,2025-08-11 22:16:54,UC-VE-002,2,119.90,239.80
POS-ORD-001736,gabriel.moreau451@email.com,TLS01,2025-09-24 19:53:54,UC-VE-003,2,149.90,299.80
POS-ORD-001737,clara.simon315@email.com,PAR02,2025-08-13 21:50:54,UC-TS-003,2,24.90,49.80
POS-ORD-001738,nathan.martin307@email.com,NAN01,2025-11-25 22:00:54,UC-TS-003,1,24.90,24.90
POS-ORD-001742,emma.garcia465@email.com,LIL01,2025-11-08 20:51:54,UC-PA-003,1,44.90,44.90
POS-ORD-001744,emma.thomas433@email.com,LYO01,2025-12-16 00:25:54,UC-TS-002,2,34.90,69.80
POS-ORD-001745,manon.fournier47@email.com,BOR01,2025-09-10 00:57:54,UC-PA-004,3,54.90,164.70
POS-ORD-001747,paul.thomas117@email.com,PAR02,2026-03-26 17:09:54,UC-PA-003,2,44.90,89.80
POS-ORD-001749,maxime.david147@email.com,MAR01,2025-11-15 22:58:54,UC-AC-004,2,34.90,69.80
POS-ORD-001751,hugo.bertrand398@email.com,LYO01,2025-12-13 14:02:54,UC-RO-003,3,79.90,239.70
POS-ORD-001753,raphael.thomas256@email.com,LYO01,2025-11-30 23:03:54,UC-AC-003,1,29.90,29.90
POS-ORD-001755,tom.david125@email.com,NCE01,2025-06-21 23:28:54,UC-RO-003,1,79.90,79.90
POS-ORD-001756,nathan.david386@email.com,TLS01,2025-12-08 23:13:54,UC-TS-002,1,34.90,34.90
POS-ORD-001761,nathan.moreau309@email.com,STR01,2025-12-09 20:50:54,UC-PA-003,2,44.90,89.80
POS-ORD-001763,sarah.fournier442@email.com,MAR01,2026-04-09 14:23:54,UC-TS-004,3,39.90,119.70
POS-ORD-001765,julie.vincent190@email.com,LYO01,2026-04-14 19:10:54,UC-VE-001,2,99.90,199.80
POS-ORD-001768,jules.richard20@email.com,TLS01,2025-12-21 20:01:54,UC-VE-003,1,149.90,149.90
POS-ORD-001770,maxime.simon12@email.com,NAN01,2025-08-01 16:50:54,UC-AC-003,1,29.90,29.90
POS-ORD-001771,julie.bertrand171@email.com,PAR01,2025-12-24 15:53:54,UC-PA-004,2,54.90,109.80
POS-ORD-001775,louis.dubois73@email.com,MAR01,2026-05-03 15:49:54,UC-RO-001,1,89.90,89.90
POS-ORD-001779,hugo.petit112@email.com,STR01,2025-07-10 18:06:54,UC-RO-003,1,79.90,79.90
POS-ORD-001783,julie.roux260@email.com,BOR01,2025-11-25 00:36:54,UC-AC-002,2,49.90,99.80
POS-ORD-001786,tom.bernard214@email.com,STR01,2026-01-17 23:58:54,UC-TS-004,2,39.90,79.80
POS-ORD-001788,jules.leroy212@email.com,STR01,2025-12-31 20:06:54,UC-VE-003,1,149.90,149.90
POS-ORD-001793,nathan.richard26@email.com,LIL01,2026-03-22 01:05:54,UC-TS-001,2,29.90,59.80
POS-ORD-001794,arthur.fournier347@email.com,BOR01,2025-09-01 00:11:54,UC-CH-002,3,109.90,329.70
POS-ORD-001802,ines.lefebvre18@email.com,STR01,2025-08-24 00:04:54,UC-PA-001,1,79.90,79.90
POS-ORD-001803,hugo.leroy64@email.com,LIL01,2026-05-13 20:24:54,UC-RO-001,3,89.90,269.70
POS-ORD-001804,anais.petit296@email.com,TLS01,2025-10-16 18:47:54,UC-VE-002,3,119.90,359.70
POS-ORD-001806,tom.martin186@email.com,BOR01,2026-03-13 20:09:54,UC-RO-002,2,69.90,139.80
POS-ORD-001808,ines.garcia230@email.com,NCE01,2025-06-22 18:31:54,UC-RO-001,2,89.90,179.80
POS-ORD-001809,tom.vincent444@email.com,LIL01,2026-03-27 20:47:54,UC-RO-002,1,69.90,69.90
POS-ORD-001812,hugo.fournier364@email.com,TLS01,2025-12-11 20:13:54,UC-CH-001,3,89.90,269.70
POS-ORD-001818,ines.garcia230@email.com,NCE01,2025-07-22 00:21:54,UC-AC-001,2,39.90,79.80
POS-ORD-001819,camille.bertrand130@email.com,STR01,2026-06-17 16:59:54,UC-TS-003,2,24.90,49.80
POS-ORD-001822,chloe.fournier393@email.com,TLS01,2026-05-24 17:36:54,UC-PA-004,3,54.90,164.70
POS-ORD-001823,maxime.david147@email.com,TLS01,2025-12-02 16:27:54,UC-PA-002,1,59.90,59.90
POS-ORD-001824,nathan.bernard335@email.com,MAR01,2025-07-04 19:08:54,UC-VE-001,1,99.90,99.90
POS-ORD-001825,manon.fournier245@email.com,BOR01,2026-04-14 13:27:54,UC-TS-001,1,29.90,29.90
POS-ORD-001831,lola.dubois403@email.com,BOR01,2026-03-21 18:22:54,UC-PA-001,2,79.90,159.80
POS-ORD-001832,ines.richard371@email.com,LYO01,2026-05-07 00:03:54,UC-TS-001,3,29.90,89.70
POS-ORD-001837,lea.moreau328@email.com,NCE01,2026-05-30 00:45:54,UC-CH-002,1,109.90,109.90
POS-ORD-001841,manon.laurent61@email.com,NAN01,2025-07-28 19:58:54,UC-PA-004,1,54.90,54.90
POS-ORD-001844,louis.roux271@email.com,PAR01,2025-10-07 20:26:54,UC-CH-002,1,109.90,109.90
POS-ORD-001846,emma.roux185@email.com,PAR02,2026-02-04 12:52:54,UC-PA-002,1,59.90,59.90
POS-ORD-001847,paul.martin93@email.com,BOR01,2025-08-25 13:08:54,UC-TS-004,1,39.90,39.90
POS-ORD-001852,raphael.leroy414@email.com,TLS01,2025-09-15 23:57:54,UC-CH-002,2,109.90,219.80
POS-ORD-001854,lucas.robert322@email.com,TLS01,2026-02-28 13:28:54,UC-TS-001,2,29.90,59.80
POS-ORD-001855,manon.moreau122@email.com,MAR01,2025-07-06 16:17:54,UC-PA-003,1,44.90,44.90
POS-ORD-001859,marie.moreau361@email.com,PAR02,2025-07-23 15:42:54,UC-PA-003,2,44.90,89.80
POS-ORD-001862,arthur.dubois374@email.com,PAR02,2025-11-29 23:00:54,UC-PA-001,3,79.90,239.70
POS-ORD-001864,lucas.dubois211@email.com,PAR02,2026-03-06 18:04:54,UC-PA-002,2,59.90,119.80
POS-ORD-001867,julie.robert250@email.com,STR01,2025-11-09 00:57:54,UC-VE-003,2,149.90,299.80
POS-ORD-001868,manon.leroy81@email.com,PAR02,2025-10-28 16:55:54,UC-TS-002,1,34.90,34.90
POS-ORD-001870,julie.roux242@email.com,MAR01,2025-08-23 17:51:54,UC-AC-003,1,29.90,29.90
POS-ORD-001871,ines.garcia230@email.com,STR01,2026-01-29 17:49:54,UC-VE-001,3,99.90,299.70
POS-ORD-001873,hugo.petit112@email.com,LIL01,2025-07-26 23:06:54,UC-AC-004,3,34.90,104.70
POS-ORD-001875,lea.martin382@email.com,BOR01,2026-05-18 15:17:54,UC-TS-003,1,24.90,24.90
POS-ORD-001877,lola.petit321@email.com,TLS01,2026-06-18 23:12:54,UC-VE-003,3,149.90,449.70
POS-ORD-001878,tom.bernard214@email.com,BOR01,2026-06-19 18:01:54,UC-TS-004,2,39.90,79.80
POS-ORD-001882,raphael.garcia272@email.com,PAR02,2026-02-23 18:38:54,UC-CH-001,2,89.90,179.80
POS-ORD-001883,chloe.leroy52@email.com,STR01,2026-02-21 18:18:54,UC-TS-004,1,39.90,39.90
POS-ORD-001885,clara.simon367@email.com,BOR01,2026-03-02 21:50:54,UC-RO-001,1,89.90,89.90
POS-ORD-001887,lola.fournier457@email.com,BOR01,2025-12-27 21:34:54,UC-VE-001,1,99.90,99.90
POS-ORD-001888,sarah.martin405@email.com,BOR01,2025-08-01 12:58:54,UC-PA-004,3,54.90,164.70
POS-ORD-001891,chloe.david473@email.com,LIL01,2026-06-19 18:29:54,UC-TS-004,2,39.90,79.80
POS-ORD-001894,hugo.vincent100@email.com,STR01,2026-04-13 20:44:54,UC-VE-001,1,99.90,99.90
POS-ORD-001896,louis.thomas187@email.com,LYO01,2025-11-10 22:29:54,UC-AC-002,3,49.90,149.70
POS-ORD-001901,arthur.dubois217@email.com,MAR01,2025-11-04 20:53:54,UC-RO-002,3,69.90,209.70
POS-ORD-001903,marie.martin474@email.com,PAR01,2026-04-21 12:29:54,UC-PA-001,3,79.90,239.70
POS-ORD-001905,nathan.petit27@email.com,PAR01,2025-09-17 21:22:54,UC-AC-003,1,29.90,29.90
POS-ORD-001912,julie.richard42@email.com,MAR01,2025-07-28 16:08:54,UC-CH-001,1,89.90,89.90
POS-ORD-001913,raphael.david246@email.com,NCE01,2025-09-17 14:50:54,UC-PA-002,2,59.90,119.80
POS-ORD-001914,camille.dubois13@email.com,TLS01,2026-01-10 18:30:54,UC-RO-001,2,89.90,179.80
POS-ORD-001917,hugo.michel77@email.com,NAN01,2025-10-06 15:23:54,UC-RO-002,2,69.90,139.80
POS-ORD-001918,arthur.moreau240@email.com,PAR01,2025-11-09 18:12:54,UC-TS-002,3,34.90,104.70
POS-ORD-001919,hugo.roux1@email.com,LIL01,2025-12-08 19:33:54,UC-AC-001,1,39.90,39.90
POS-ORD-001923,louis.garcia282@email.com,NAN01,2025-10-23 00:47:54,UC-TS-002,3,34.90,104.70
POS-ORD-001925,maxime.dubois395@email.com,BOR01,2025-09-23 23:05:54,UC-PA-004,3,54.90,164.70
POS-ORD-001928,louis.garcia264@email.com,BOR01,2026-03-15 16:32:54,UC-VE-001,2,99.90,199.80
POS-ORD-001937,arthur.dubois262@email.com,PAR02,2025-10-05 00:24:54,UC-TS-004,3,39.90,119.70
POS-ORD-001938,gabriel.vincent188@email.com,BOR01,2025-06-27 16:40:54,UC-VE-002,3,119.90,359.70
POS-ORD-001940,marie.thomas19@email.com,MAR01,2025-07-28 00:19:54,UC-AC-002,3,49.90,149.70
POS-ORD-001944,manon.dubois278@email.com,MAR01,2026-03-10 21:36:54,UC-TS-002,3,34.90,104.70
POS-ORD-001952,nathan.bernard200@email.com,BOR01,2025-12-24 22:17:54,UC-CH-002,3,109.90,329.70
POS-ORD-001957,paul.moreau172@email.com,BOR01,2026-05-03 20:14:54,UC-PA-003,1,44.90,44.90
POS-ORD-001962,anais.fournier418@email.com,MAR01,2026-04-02 14:44:54,UC-TS-001,2,29.90,59.80
POS-ORD-001963,hugo.roux51@email.com,NAN01,2026-02-09 19:51:54,UC-RO-002,1,69.90,69.90
POS-ORD-001975,paul.laurent326@email.com,PAR01,2026-04-05 19:37:54,UC-TS-004,1,39.90,39.90
POS-ORD-001979,emma.robert208@email.com,PAR02,2026-06-08 16:43:54,UC-PA-004,3,54.90,164.70
POS-ORD-001989,lea.dubois128@email.com,BOR01,2025-11-27 17:04:54,UC-VE-001,2,99.90,199.80
POS-ORD-001990,sarah.dubois435@email.com,LYO01,2025-08-04 00:19:54,UC-AC-003,2,29.90,59.80
POS-ORD-001994,ines.laurent421@email.com,BOR01,2026-05-17 18:40:54,UC-TS-001,1,29.90,29.90
POS-ORD-001998,marie.roux138@email.com,LYO01,2025-11-06 17:35:54,UC-TS-001,2,29.90,59.80
POS-ORD-002000,ines.bertrand305@email.com,STR01,2026-06-10 16:22:54,UC-RO-001,2,89.90,179.80
POS-ORD-002005,arthur.moreau237@email.com,LYO01,2026-03-27 15:07:54,UC-TS-001,1,29.90,29.90
POS-ORD-002006,anais.thomas0@email.com,TLS01,2026-02-27 12:46:54,UC-TS-003,1,24.90,24.90
POS-ORD-002011,tom.garcia220@email.com,BOR01,2026-05-23 21:45:54,UC-AC-001,2,39.90,79.80
POS-ORD-002013,sarah.moreau379@email.com,PAR01,2025-09-30 22:15:54,UC-VE-003,3,149.90,449.70
POS-ORD-002016,clara.roux376@email.com,NAN01,2025-07-03 15:45:54,UC-VE-003,3,149.90,449.70
POS-ORD-002022,ines.michel192@email.com,MAR01,2026-05-07 14:20:54,UC-AC-004,1,34.90,34.90
POS-ORD-002024,anais.fournier7@email.com,NCE01,2025-11-02 23:30:54,UC-CH-001,3,89.90,269.70
POS-ORD-002025,lola.lefebvre76@email.com,NCE01,2025-07-21 12:14:54,UC-PA-001,3,79.90,239.70
POS-ORD-002035,camille.dubois13@email.com,NCE01,2026-01-30 18:24:54,UC-PA-004,2,54.90,109.80
POS-ORD-002050,anais.laurent175@email.com,TLS01,2025-07-03 20:07:54,UC-AC-003,3,29.90,89.70
POS-ORD-002051,louis.garcia54@email.com,STR01,2025-12-01 19:50:54,UC-AC-004,3,34.90,104.70
POS-ORD-002053,maxime.dubois395@email.com,NCE01,2026-02-26 01:01:54,UC-AC-002,2,49.90,99.80
POS-ORD-002056,nathan.lefebvre406@email.com,LIL01,2025-12-15 21:48:54,UC-TS-002,1,34.90,34.90
POS-ORD-002057,ines.lefebvre150@email.com,LYO01,2026-01-03 20:01:54,UC-RO-003,1,79.90,79.90
POS-ORD-002060,emma.thomas433@email.com,PAR02,2025-07-25 13:07:54,UC-RO-001,3,89.90,269.70
POS-ORD-002063,julie.bernard387@email.com,TLS01,2026-01-31 20:05:54,UC-VE-003,1,149.90,149.90
POS-ORD-002064,ines.simon269@email.com,LIL01,2025-11-26 22:17:54,UC-AC-004,2,34.90,69.80
POS-ORD-002068,maxime.fournier375@email.com,NCE01,2025-12-15 12:18:54,UC-TS-004,2,39.90,79.80
POS-ORD-002072,nathan.martin37@email.com,LIL01,2025-07-25 23:22:54,UC-VE-002,1,119.90,119.90
POS-ORD-002073,gabriel.petit35@email.com,MAR01,2026-01-05 19:43:54,UC-VE-001,1,99.90,99.90
POS-ORD-002074,maxime.leroy324@email.com,BOR01,2026-03-18 15:07:54,UC-PA-003,3,44.90,134.70
POS-ORD-002077,raphael.robert368@email.com,LIL01,2025-11-20 22:26:54,UC-AC-002,3,49.90,149.70
POS-ORD-002082,raphael.bertrand266@email.com,TLS01,2026-02-05 18:03:54,UC-VE-002,2,119.90,239.80
POS-ORD-002085,lea.martin382@email.com,LYO01,2025-08-02 20:43:54,UC-CH-002,3,109.90,329.70
POS-ORD-002086,chloe.garcia441@email.com,STR01,2026-01-04 22:34:54,UC-TS-004,1,39.90,39.90
POS-ORD-002088,clara.simon367@email.com,MAR01,2025-07-24 18:02:54,UC-RO-003,1,79.90,79.90
POS-ORD-002092,clara.roux327@email.com,LYO01,2025-09-09 17:04:54,UC-AC-002,1,49.90,49.90
POS-ORD-002095,marie.petit377@email.com,PAR01,2026-03-29 12:48:54,UC-VE-003,1,149.90,149.90
POS-ORD-002098,hugo.roux1@email.com,LIL01,2026-03-22 18:09:54,UC-RO-002,3,69.90,209.70
POS-ORD-002099,manon.dubois126@email.com,STR01,2025-09-23 17:27:54,UC-PA-004,2,54.90,109.80
POS-ORD-002107,ines.simon417@email.com,LYO01,2026-01-06 23:44:54,UC-TS-004,3,39.90,119.70
POS-ORD-002109,hugo.bertrand398@email.com,MAR01,2025-12-23 15:12:54,UC-TS-004,3,39.90,119.70
POS-ORD-002111,nathan.lefebvre466@email.com,NCE01,2025-11-19 18:08:54,UC-TS-001,3,29.90,89.70
POS-ORD-002112,lea.roux255@email.com,LYO01,2026-04-22 22:48:54,UC-PA-001,3,79.90,239.70
POS-ORD-002117,lea.dubois477@email.com,BOR01,2025-08-05 13:27:54,UC-VE-002,1,119.90,119.90
POS-ORD-002124,raphael.michel412@email.com,NCE01,2025-07-13 15:35:54,UC-VE-001,3,99.90,299.70
POS-ORD-002125,lola.david254@email.com,MAR01,2026-02-22 18:06:54,UC-TS-001,1,29.90,29.90
POS-ORD-002127,jules.david108@email.com,LYO01,2026-05-12 13:24:54,UC-TS-001,2,29.90,59.80
POS-ORD-002128,raphael.david246@email.com,MAR01,2026-04-17 19:34:54,UC-TS-002,2,34.90,69.80
POS-ORD-002131,hugo.leroy64@email.com,LYO01,2025-07-22 23:52:54,UC-AC-002,3,49.90,149.70
POS-ORD-002132,manon.moreau423@email.com,MAR01,2025-06-25 13:18:54,UC-TS-001,1,29.90,29.90
POS-ORD-002138,marie.thomas19@email.com,NAN01,2025-11-20 16:59:54,UC-VE-001,1,99.90,99.90
POS-ORD-002139,lola.richard141@email.com,PAR01,2026-03-29 18:40:54,UC-PA-001,2,79.90,159.80
POS-ORD-002140,louis.garcia264@email.com,NCE01,2025-07-11 19:45:54,UC-PA-002,3,59.90,179.70
POS-ORD-002141,lea.durand15@email.com,TLS01,2025-06-25 00:44:54,UC-PA-002,2,59.90,119.80
POS-ORD-002144,anais.robert153@email.com,PAR01,2026-03-22 23:28:54,UC-VE-001,2,99.90,199.80
POS-ORD-002152,paul.dubois25@email.com,BOR01,2025-10-14 14:44:54,UC-RO-003,3,79.90,239.70
POS-ORD-002153,marie.thomas19@email.com,TLS01,2025-07-19 20:36:54,UC-TS-001,3,29.90,89.70
POS-ORD-002154,maxime.thomas34@email.com,PAR01,2025-06-22 14:29:54,UC-TS-004,3,39.90,119.70
POS-ORD-002157,emma.durand475@email.com,PAR02,2025-09-22 17:33:54,UC-TS-003,3,24.90,74.70
POS-ORD-002161,chloe.michel127@email.com,TLS01,2026-01-05 19:02:54,UC-VE-002,1,119.90,119.90
POS-ORD-002166,lucas.robert322@email.com,NCE01,2025-09-13 13:08:54,UC-AC-001,1,39.90,39.90
POS-ORD-002172,chloe.richard224@email.com,TLS01,2026-03-24 00:22:54,UC-TS-001,3,29.90,89.70
POS-ORD-002173,julie.martin23@email.com,LYO01,2026-01-07 17:31:54,UC-PA-003,2,44.90,89.80
POS-ORD-002178,julie.fournier22@email.com,PAR02,2026-02-22 14:06:54,UC-TS-004,2,39.90,79.80
POS-ORD-002179,gabriel.dubois404@email.com,TLS01,2026-04-23 19:46:54,UC-TS-004,2,39.90,79.80
POS-ORD-002184,camille.dubois13@email.com,PAR01,2025-10-01 21:04:54,UC-AC-001,2,39.90,79.80
POS-ORD-002185,nathan.durand78@email.com,LIL01,2026-04-28 19:04:54,UC-AC-004,2,34.90,69.80
POS-ORD-002192,paul.garcia109@email.com,MAR01,2025-11-24 00:52:54,UC-VE-003,3,149.90,449.70
POS-ORD-002195,arthur.bertrand63@email.com,MAR01,2025-11-12 19:32:54,UC-PA-004,1,54.90,54.90
POS-ORD-002197,arthur.moreau240@email.com,BOR01,2026-05-17 12:40:54,UC-VE-003,3,149.90,449.70
POS-ORD-002199,manon.fournier443@email.com,STR01,2025-09-10 23:07:54,UC-TS-003,2,24.90,49.80
